CustomerID,CohortMonth
12346.0,2011-01
12347.0,2010-12
12348.0,2010-12
12349.0,2011-11
12350.0,2011-02
12352.0,2011-02
12353.0,2011-05
12354.0,2011-04
12355.0,2011-05
12356.0,2011-01
12357.0,2011-11
12358.0,2011-07
12359.0,2011-01
12360.0,2011-05
12361.0,2011-02
12362.0,2011-02
12363.0,2011-04
12364.0,2011-08
12365.0,2011-02
12367.0,2011-12
12370.0,2010-12
12371.0,2011-10
12372.0,2011-02
12373.0,2011-02
12374.0,2011-11
12375.0,2011-09
12377.0,2010-12
12378.0,2011-08
12379.0,2011-06
12380.0,2011-06
12381.0,2011-08
12383.0,2010-12
12384.0,2011-08
12386.0,2010-12
12388.0,2011-01
12390.0,2011-09
12391.0,2011-11
12393.0,2011-01
12394.0,2011-05
12395.0,2010-12
12397.0,2011-07
12398.0,2011-10
12399.0,2011-03
12401.0,2011-02
12402.0,2011-01
12403.0,2011-10
12405.0,2011-07
12406.0,2011-06
12407.0,2011-03
12408.0,2011-03
12409.0,2011-06
12410.0,2011-02
12412.0,2011-06
12413.0,2011-01
12414.0,2011-02
12415.0,2011-01
12417.0,2010-12
12418.0,2011-08
12420.0,2011-10
12421.0,2011-01
12422.0,2011-01
12423.0,2010-12
12424.0,2011-06
12425.0,2011-09
12426.0,2011-05
12427.0,2010-12
12428.0,2011-03
12429.0,2010-12
12430.0,2011-10
12431.0,2010-12
12432.0,2011-06
12433.0,2010-12
12434.0,2010-12
12435.0,2011-03
12436.0,2011-09
12437.0,2011-01
12438.0,2011-07
12441.0,2010-12
12442.0,2011-12
12444.0,2011-06
12445.0,2011-11
12446.0,2011-10
12447.0,2011-04
12448.0,2011-10
12449.0,2011-06
12450.0,2011-06
12451.0,2011-01
12452.0,2011-11
12453.0,2011-07
12454.0,2011-10
12455.0,2011-02
12456.0,2011-03
12457.0,2011-04
12458.0,2011-02
12461.0,2011-07
12462.0,2011-02
12463.0,2011-04
12464.0,2011-02
12465.0,2011-06
12468.0,2011-01
12471.0,2010-12
12472.0,2010-12
12473.0,2011-06
12474.0,2010-12
12475.0,2011-10
12476.0,2010-12
12477.0,2011-02
12478.0,2011-12
12479.0,2011-11
12480.0,2011-01
12481.0,2010-12
12483.0,2011-01
12484.0,2011-01
12488.0,2011-09
12489.0,2011-01
12490.0,2011-01
12491.0,2011-11
12492.0,2011-08
12493.0,2011-05
12494.0,2010-12
12497.0,2011-09
12498.0,2011-10
12500.0,2011-01
12501.0,2011-01
12502.0,2011-02
12503.0,2011-01
12504.0,2011-11
12505.0,2011-02
12506.0,2011-04
12507.0,2011-02
12508.0,2011-11
12509.0,2011-02
12510.0,2011-01
12512.0,2011-10
12513.0,2011-08
12514.0,2011-03
12515.0,2010-12
12516.0,2011-06
12517.0,2011-06
12518.0,2011-08
12519.0,2011-10
12520.0,2011-03
12521.0,2011-07
12522.0,2011-10
12523.0,2011-01
12524.0,2011-01
12526.0,2011-09
12527.0,2011-01
12528.0,2011-01
12530.0,2011-01
12531.0,2011-11
12532.0,2011-11
12534.0,2011-08
12535.0,2011-06
12536.0,2011-10
12538.0,2011-11
12539.0,2011-01
12540.0,2010-12
12541.0,2011-03
12544.0,2011-11
12545.0,2011-03
12546.0,2011-09
12547.0,2011-03
12548.0,2011-06
12550.0,2011-09
12551.0,2010-12
12552.0,2011-10
12553.0,2011-01
12556.0,2011-07
12557.0,2010-12
12558.0,2011-12
12559.0,2011-01
12560.0,2011-07
12561.0,2011-02
12562.0,2011-05
12564.0,2011-03
12565.0,2011-02
12566.0,2011-09
12567.0,2010-12
12569.0,2011-04
12571.0,2011-08
12572.0,2011-10
12573.0,2011-04
12574.0,2011-01
12576.0,2011-02
12577.0,2010-12
12578.0,2011-01
12579.0,2011-09
12580.0,2011-04
12581.0,2011-10
12582.0,2011-02
12583.0,2010-12
12584.0,2011-03
12585.0,2010-12
12586.0,2010-12
12587.0,2011-12
12588.0,2011-10
12589.0,2011-07
12590.0,2011-05
12591.0,2011-01
12592.0,2011-05
12593.0,2011-05
12594.0,2011-01
12596.0,2011-04
12597.0,2011-03
12598.0,2011-02
12599.0,2011-02
12600.0,2010-12
12601.0,2011-01
12602.0,2011-10
12603.0,2011-11
12604.0,2011-03
12605.0,2010-12
12607.0,2011-10
12609.0,2011-01
12610.0,2011-08
12611.0,2011-10
12612.0,2011-09
12613.0,2011-03
12614.0,2011-03
12615.0,2011-06
12616.0,2011-02
12617.0,2011-11
12618.0,2011-11
12619.0,2011-03
12620.0,2011-05
12621.0,2010-12
12622.0,2011-04
12623.0,2011-03
12624.0,2011-06
12625.0,2011-01
12626.0,2011-01
12627.0,2011-07
12628.0,2011-10
12630.0,2011-10
12631.0,2011-10
12633.0,2011-02
12635.0,2011-07
12637.0,2011-01
12638.0,2011-11
12639.0,2011-04
12640.0,2011-09
12641.0,2011-08
12642.0,2011-08
12643.0,2011-01
12644.0,2011-08
12645.0,2011-01
12646.0,2011-10
12647.0,2010-12
12648.0,2011-07
12649.0,2010-12
12650.0,2011-12
12651.0,2011-01
12652.0,2011-01
12653.0,2011-02
12654.0,2011-02
12656.0,2011-04
12657.0,2011-09
12658.0,2011-11
12659.0,2011-11
12660.0,2011-11
12662.0,2010-12
12664.0,2011-01
12665.0,2011-01
12666.0,2010-12
12667.0,2011-10
12668.0,2010-12
12669.0,2011-03
12670.0,2011-04
12672.0,2011-01
12673.0,2011-01
12674.0,2011-05
12676.0,2011-02
12678.0,2010-12
12679.0,2011-03
12680.0,2011-08
12681.0,2010-12
12682.0,2010-12
12683.0,2010-12
12684.0,2011-05
12685.0,2011-09
12686.0,2010-12
12688.0,2011-08
12689.0,2011-08
12690.0,2011-05
12691.0,2010-12
12693.0,2011-01
12694.0,2011-06
12695.0,2011-05
12697.0,2011-06
12700.0,2011-05
12701.0,2011-04
12702.0,2011-11
12703.0,2011-09
12704.0,2011-06
12705.0,2010-12
12707.0,2011-02
12708.0,2010-12
12709.0,2010-12
12710.0,2011-05
12712.0,2010-12
12713.0,2011-12
12714.0,2011-02
12715.0,2011-08
12716.0,2011-07
12717.0,2011-04
12718.0,2011-09
12719.0,2011-10
12720.0,2010-12
12721.0,2010-12
12722.0,2011-07
12723.0,2011-10
12724.0,2011-01
12725.0,2010-12
12726.0,2010-12
12727.0,2011-01
12728.0,2011-01
12729.0,2011-08
12731.0,2010-12
12732.0,2011-06
12733.0,2011-04
12734.0,2010-12
12735.0,2011-01
12736.0,2011-01
12738.0,2010-12
12739.0,2011-09
12740.0,2011-10
12743.0,2011-07
12744.0,2011-01
12747.0,2010-12
12748.0,2010-12
12749.0,2011-05
12750.0,2011-08
12752.0,2011-09
12753.0,2010-12
12754.0,2011-02
12755.0,2010-12
12756.0,2011-09
12757.0,2011-05
12758.0,2011-03
12759.0,2011-03
12762.0,2011-11
12763.0,2010-12
12764.0,2011-01
12766.0,2010-12
12769.0,2011-04
12770.0,2011-05
12772.0,2011-10
12775.0,2011-02
12778.0,2011-01
12779.0,2010-12
12781.0,2011-02
12782.0,2010-12
12783.0,2011-09
12784.0,2011-11
12785.0,2010-12
12787.0,2011-05
12789.0,2011-10
12790.0,2011-05
12791.0,2010-12
12792.0,2011-03
12793.0,2010-12
12794.0,2011-09
12795.0,2011-11
12797.0,2010-12
12798.0,2011-06
12802.0,2011-06
12808.0,2010-12
12809.0,2011-06
12811.0,2011-02
12812.0,2011-10
12814.0,2011-08
12815.0,2011-05
12816.0,2011-06
12817.0,2011-03
12818.0,2011-03
12820.0,2011-01
12821.0,2011-05
12822.0,2011-09
12823.0,2011-02
12824.0,2011-10
12826.0,2010-12
12827.0,2011-10
12828.0,2011-08
12829.0,2010-12
12830.0,2011-06
12831.0,2011-03
12832.0,2011-09
12833.0,2011-07
12834.0,2011-03
12836.0,2011-02
12837.0,2011-06
12838.0,2010-12
12839.0,2010-12
12840.0,2011-04
12841.0,2010-12
12842.0,2011-02
12843.0,2011-03
12844.0,2011-08
12845.0,2011-02
12847.0,2011-11
12849.0,2011-03
12851.0,2011-09
12852.0,2011-02
12853.0,2011-01
12854.0,2011-01
12855.0,2010-12
12856.0,2011-10
12857.0,2011-02
12863.0,2011-05
12864.0,2011-07
12865.0,2010-12
12866.0,2011-03
12867.0,2010-12
12868.0,2010-12
12870.0,2010-12
12871.0,2011-05
12872.0,2010-12
12873.0,2011-03
12875.0,2010-12
12876.0,2011-05
12877.0,2010-12
12878.0,2011-03
12879.0,2011-09
12881.0,2011-03
12882.0,2011-11
12883.0,2011-09
12884.0,2011-09
12885.0,2011-08
12886.0,2011-05
12888.0,2011-03
12890.0,2011-11
12891.0,2011-02
12893.0,2011-11
12895.0,2011-09
12897.0,2011-02
12901.0,2011-03
12902.0,2011-03
12904.0,2011-06
12906.0,2011-09
12908.0,2011-01
12909.0,2011-03
12910.0,2011-04
12912.0,2011-10
12913.0,2010-12
12915.0,2010-12
12916.0,2011-01
12917.0,2011-08
12919.0,2011-06
12920.0,2011-11
12921.0,2010-12
12922.0,2011-07
12923.0,2011-10
12924.0,2011-01
12925.0,2011-09
12928.0,2010-12
12929.0,2011-02
12930.0,2011-06
12931.0,2010-12
12933.0,2011-03
12935.0,2011-01
12936.0,2011-09
12937.0,2011-03
12938.0,2011-11
12939.0,2011-01
12940.0,2011-09
12942.0,2010-12
12943.0,2011-02
12944.0,2010-12
12945.0,2011-02
12947.0,2010-12
12948.0,2011-03
12949.0,2011-04
12950.0,2011-11
12951.0,2011-01
12952.0,2011-09
12953.0,2011-11
12955.0,2011-03
12956.0,2011-02
12957.0,2011-01
12962.0,2011-08
12963.0,2010-12
12965.0,2011-09
12966.0,2011-11
12967.0,2010-12
12968.0,2011-08
12970.0,2011-01
12971.0,2010-12
12974.0,2011-05
12976.0,2011-05
12977.0,2011-07
12980.0,2010-12
12981.0,2011-07
12982.0,2011-04
12984.0,2011-11
12985.0,2011-11
12987.0,2011-05
12988.0,2011-02
12989.0,2010-12
12990.0,2011-02
12991.0,2011-08
12993.0,2011-02
12994.0,2011-03
12995.0,2011-09
12997.0,2011-01
12999.0,2011-04
13000.0,2010-12
13001.0,2011-01
13002.0,2011-01
13003.0,2011-05
13004.0,2010-12
13005.0,2011-04
13006.0,2011-10
13008.0,2010-12
13011.0,2010-12
13012.0,2011-02
13013.0,2010-12
13014.0,2011-03
13015.0,2011-04
13016.0,2011-08
13017.0,2011-12
13018.0,2011-02
13021.0,2010-12
13023.0,2011-08
13026.0,2011-03
13027.0,2010-12
13028.0,2011-10
13029.0,2010-12
13030.0,2010-12
13032.0,2011-09
13033.0,2010-12
13034.0,2010-12
13035.0,2011-03
13037.0,2011-03
13038.0,2011-02
13040.0,2011-11
13043.0,2011-03
13044.0,2011-02
13045.0,2011-09
13046.0,2011-03
13047.0,2010-12
13048.0,2011-01
13049.0,2011-01
13050.0,2010-12
13052.0,2011-05
13055.0,2011-05
13058.0,2011-07
13059.0,2011-04
13060.0,2011-03
13061.0,2011-09
13062.0,2011-06
13064.0,2011-01
13065.0,2010-12
13066.0,2011-11
13067.0,2011-09
13068.0,2011-01
13069.0,2010-12
13070.0,2011-05
13072.0,2011-03
13075.0,2011-08
13077.0,2010-12
13078.0,2010-12
13079.0,2011-07
13080.0,2011-06
13081.0,2010-12
13082.0,2011-01
13083.0,2011-09
13085.0,2011-02
13089.0,2010-12
13090.0,2010-12
13091.0,2011-11
13092.0,2010-12
13093.0,2010-12
13094.0,2010-12
13095.0,2011-09
13097.0,2010-12
13098.0,2011-01
13099.0,2011-09
13101.0,2011-04
13102.0,2010-12
13103.0,2011-10
13104.0,2010-12
13106.0,2011-07
13107.0,2011-01
13108.0,2010-12
13109.0,2011-07
13110.0,2011-02
13113.0,2010-12
13115.0,2010-12
13116.0,2011-07
13117.0,2010-12
13118.0,2011-02
13120.0,2011-04
13121.0,2011-03
13122.0,2011-04
13124.0,2010-12
13126.0,2010-12
13127.0,2011-09
13130.0,2011-09
13131.0,2011-06
13132.0,2011-03
13133.0,2011-02
13134.0,2011-04
13135.0,2011-05
13136.0,2010-12
13137.0,2011-02
13138.0,2010-12
13139.0,2011-03
13140.0,2010-12
13141.0,2011-01
13142.0,2011-11
13144.0,2011-01
13145.0,2010-12
13146.0,2011-11
13147.0,2011-09
13148.0,2010-12
13149.0,2011-02
13151.0,2011-02
13153.0,2011-12
13154.0,2011-07
13155.0,2010-12
13157.0,2011-02
13158.0,2011-01
13159.0,2011-08
13160.0,2011-11
13161.0,2011-01
13162.0,2011-01
13165.0,2010-12
13166.0,2011-03
13167.0,2011-07
13168.0,2011-01
13169.0,2011-04
13170.0,2011-11
13171.0,2011-02
13173.0,2010-12
13174.0,2010-12
13176.0,2011-10
13177.0,2011-10
13178.0,2010-12
13182.0,2011-10
13183.0,2011-01
13184.0,2011-02
13185.0,2011-03
13186.0,2011-08
13187.0,2011-01
13188.0,2011-11
13189.0,2011-08
13192.0,2011-05
13193.0,2011-10
13194.0,2011-07
13196.0,2011-03
13198.0,2010-12
13199.0,2010-12
13200.0,2011-08
13203.0,2011-04
13207.0,2011-07
13208.0,2011-02
13209.0,2010-12
13210.0,2011-09
13211.0,2010-12
13212.0,2011-10
13213.0,2011-05
13216.0,2011-03
13217.0,2011-07
13218.0,2011-08
13220.0,2011-04
13221.0,2010-12
13223.0,2011-04
13224.0,2011-07
13225.0,2010-12
13226.0,2011-03
13227.0,2011-05
13228.0,2011-09
13229.0,2011-04
13230.0,2010-12
13232.0,2011-04
13233.0,2011-01
13235.0,2011-05
13236.0,2011-08
13238.0,2010-12
13239.0,2011-03
13240.0,2010-12
13242.0,2011-05
13243.0,2011-05
13244.0,2011-09
13245.0,2011-10
13246.0,2011-01
13247.0,2011-09
13248.0,2011-06
13249.0,2011-03
13253.0,2011-01
13255.0,2010-12
13256.0,2011-11
13258.0,2011-05
13259.0,2011-10
13260.0,2011-10
13261.0,2011-02
13262.0,2011-03
13263.0,2011-01
13265.0,2011-03
13266.0,2010-12
13267.0,2010-12
13268.0,2011-03
13269.0,2010-12
13270.0,2010-12
13271.0,2011-11
13272.0,2011-09
13273.0,2011-08
13276.0,2011-09
13277.0,2011-07
13278.0,2011-10
13279.0,2011-09
13280.0,2011-01
13282.0,2011-05
13283.0,2011-06
13284.0,2011-01
13285.0,2011-02
13291.0,2011-07
13292.0,2011-02
13294.0,2011-04
13295.0,2010-12
13296.0,2011-07
13297.0,2011-10
13298.0,2011-12
13299.0,2011-03
13300.0,2011-06
13301.0,2011-02
13302.0,2011-07
13304.0,2010-12
13305.0,2010-12
13307.0,2011-08
13308.0,2011-05
13309.0,2011-02
13310.0,2011-01
13311.0,2011-07
13313.0,2011-01
13314.0,2011-09
13316.0,2011-03
13317.0,2010-12
13318.0,2011-11
13319.0,2010-12
13320.0,2011-05
13321.0,2011-09
13322.0,2011-11
13323.0,2011-09
13324.0,2010-12
13325.0,2011-09
13327.0,2010-12
13328.0,2011-01
13329.0,2010-12
13330.0,2011-01
13332.0,2011-11
13334.0,2011-02
13336.0,2011-09
13338.0,2011-07
13339.0,2011-05
13340.0,2011-03
13341.0,2011-03
13343.0,2011-06
13344.0,2011-03
13345.0,2011-02
13347.0,2011-09
13348.0,2011-10
13349.0,2011-11
13350.0,2011-09
13351.0,2011-10
13352.0,2011-10
13354.0,2011-09
13355.0,2011-08
13356.0,2011-09
13357.0,2011-03
13358.0,2011-03
13359.0,2011-10
13362.0,2011-02
13363.0,2011-10
13364.0,2011-09
13365.0,2011-05
13366.0,2011-10
13368.0,2011-01
13369.0,2010-12
13370.0,2010-12
13372.0,2011-09
13373.0,2011-03
13375.0,2011-09
13376.0,2011-04
13379.0,2011-07
13381.0,2011-02
13382.0,2011-03
13384.0,2011-06
13385.0,2011-01
13388.0,2011-07
13389.0,2011-04
13390.0,2011-09
13391.0,2011-05
13394.0,2011-02
13395.0,2011-06
13396.0,2011-01
13397.0,2011-01
13398.0,2011-05
13402.0,2010-12
13403.0,2011-11
13404.0,2011-05
13405.0,2011-01
13408.0,2010-12
13410.0,2011-02
13411.0,2011-08
13414.0,2011-02
13416.0,2011-09
13417.0,2011-05
13418.0,2010-12
13419.0,2011-10
13420.0,2011-06
13421.0,2011-02
13422.0,2011-10
13425.0,2011-02
13426.0,2010-12
13427.0,2011-05
13428.0,2011-11
13429.0,2011-09
13430.0,2011-09
13431.0,2011-09
13434.0,2011-09
13435.0,2011-06
13436.0,2011-12
13437.0,2011-06
13439.0,2011-03
13441.0,2011-09
13447.0,2011-11
13448.0,2010-12
13449.0,2011-11
13450.0,2011-05
13451.0,2011-01
13452.0,2011-03
13453.0,2011-02
13455.0,2010-12
13456.0,2011-05
13458.0,2010-12
13460.0,2011-10
13461.0,2011-06
13462.0,2011-04
13464.0,2011-10
13466.0,2011-06
13467.0,2011-11
13468.0,2010-12
13470.0,2011-08
13471.0,2011-10
13473.0,2011-01
13474.0,2011-04
13475.0,2011-02
13476.0,2011-03
13477.0,2011-02
13479.0,2011-04
13481.0,2010-12
13482.0,2011-04
13483.0,2011-10
13484.0,2011-04
13485.0,2011-04
13486.0,2011-07
13487.0,2010-12
13488.0,2010-12
13489.0,2011-02
13491.0,2010-12
13492.0,2011-05
13493.0,2011-02
13494.0,2011-02
13495.0,2010-12
13496.0,2010-12
13497.0,2010-12
13499.0,2011-03
13500.0,2011-08
13501.0,2011-02
13502.0,2011-01
13503.0,2011-09
13504.0,2011-10
13505.0,2011-04
13506.0,2010-12
13507.0,2011-07
13508.0,2011-04
13509.0,2011-02
13510.0,2011-06
13512.0,2011-03
13513.0,2011-08
13514.0,2011-09
13515.0,2011-04
13516.0,2011-04
13517.0,2011-06
13518.0,2011-09
13519.0,2011-09
13520.0,2010-12
13521.0,2011-11
13522.0,2011-11
13523.0,2010-12
13524.0,2011-05
13525.0,2011-04
13527.0,2011-01
13529.0,2011-05
13531.0,2010-12
13532.0,2011-11
13533.0,2011-03
13534.0,2010-12
13536.0,2011-09
13538.0,2011-01
13539.0,2011-02
13544.0,2011-04
13546.0,2011-05
13548.0,2011-04
13549.0,2011-04
13551.0,2011-01
13552.0,2011-01
13555.0,2011-05
13557.0,2011-03
13558.0,2011-10
13560.0,2011-12
13561.0,2011-05
13562.0,2011-04
13563.0,2011-07
13564.0,2010-12
13565.0,2011-01
13566.0,2011-09
13568.0,2011-06
13569.0,2010-12
13570.0,2011-04
13571.0,2011-03
13572.0,2011-05
13573.0,2011-03
13575.0,2011-06
13576.0,2010-12
13577.0,2011-04
13579.0,2010-12
13581.0,2011-02
13583.0,2011-07
13584.0,2011-02
13587.0,2011-10
13588.0,2011-03
13589.0,2011-06
13590.0,2011-02
13591.0,2011-03
13592.0,2011-03
13593.0,2011-01
13594.0,2011-10
13596.0,2011-11
13598.0,2011-10
13599.0,2010-12
13600.0,2011-01
13601.0,2011-05
13602.0,2011-10
13603.0,2011-11
13606.0,2011-02
13607.0,2011-10
13610.0,2011-02
13611.0,2010-12
13614.0,2011-01
13615.0,2011-01
13617.0,2011-06
13618.0,2011-06
13621.0,2011-08
13623.0,2011-02
13626.0,2011-04
13627.0,2010-12
13629.0,2011-01
13630.0,2011-02
13631.0,2011-03
13632.0,2011-04
13634.0,2011-01
13635.0,2011-10
13636.0,2011-02
13637.0,2011-04
13638.0,2011-11
13639.0,2011-09
13642.0,2011-05
13643.0,2011-06
13644.0,2011-08
13645.0,2011-08
13647.0,2011-04
13649.0,2010-12
13650.0,2011-03
13651.0,2011-10
13652.0,2010-12
13654.0,2011-03
13655.0,2011-04
13656.0,2011-01
13657.0,2011-05
13658.0,2011-05
13659.0,2011-01
13662.0,2011-03
13663.0,2011-06
13666.0,2011-02
13667.0,2011-07
13668.0,2010-12
13669.0,2011-07
13670.0,2011-09
13672.0,2011-01
13673.0,2011-11
13675.0,2011-02
13678.0,2011-07
13680.0,2011-01
13681.0,2011-07
13682.0,2011-06
13684.0,2011-02
13685.0,2011-10
13686.0,2011-06
13689.0,2011-10
13690.0,2011-10
13692.0,2011-04
13693.0,2011-01
13694.0,2010-12
13695.0,2011-03
13697.0,2011-11
13699.0,2011-07
13700.0,2011-01
13703.0,2011-01
13704.0,2011-09
13705.0,2010-12
13706.0,2011-02
13707.0,2011-01
13708.0,2011-03
13709.0,2011-01
13710.0,2011-11
13711.0,2011-05
13712.0,2011-04
13715.0,2010-12
13716.0,2011-03
13717.0,2011-02
13718.0,2011-02
13719.0,2011-04
13720.0,2011-03
13721.0,2011-11
13722.0,2011-03
13723.0,2011-05
13725.0,2011-02
13726.0,2011-08
13727.0,2011-11
13728.0,2011-02
13730.0,2011-07
13731.0,2011-04
13732.0,2011-11
13735.0,2011-04
13736.0,2011-03
13737.0,2011-05
13739.0,2011-11
13740.0,2011-04
13741.0,2011-05
13742.0,2011-01
13743.0,2011-03
13744.0,2011-02
13745.0,2011-06
13747.0,2010-12
13748.0,2010-12
13750.0,2011-01
13751.0,2011-02
13752.0,2011-04
13753.0,2011-02
13754.0,2011-01
13755.0,2011-10
13756.0,2010-12
13758.0,2010-12
13759.0,2011-09
13760.0,2011-03
13761.0,2011-06
13762.0,2011-05
13763.0,2011-06
13764.0,2011-01
13767.0,2010-12
13769.0,2010-12
13771.0,2011-04
13772.0,2011-04
13774.0,2011-09
13777.0,2010-12
13778.0,2011-08
13780.0,2011-06
13781.0,2011-04
13782.0,2011-01
13784.0,2011-01
13786.0,2010-12
13787.0,2010-12
13790.0,2011-12
13791.0,2011-06
13792.0,2011-02
13798.0,2010-12
13799.0,2011-02
13800.0,2011-02
13801.0,2011-10
13802.0,2010-12
13803.0,2011-03
13804.0,2011-02
13805.0,2011-08
13806.0,2011-10
13807.0,2010-12
13808.0,2011-09
13809.0,2011-02
13810.0,2011-10
13811.0,2011-04
13812.0,2011-08
13813.0,2011-07
13814.0,2011-07
13815.0,2011-01
13816.0,2011-10
13817.0,2010-12
13819.0,2011-01
13821.0,2011-03
13822.0,2011-10
13823.0,2011-09
13824.0,2011-02
13826.0,2011-06
13827.0,2011-07
13828.0,2011-11
13829.0,2010-12
13831.0,2010-12
13832.0,2011-11
13833.0,2011-07
13835.0,2011-05
13837.0,2011-01
13838.0,2010-12
13841.0,2011-04
13842.0,2010-12
13844.0,2011-11
13845.0,2011-10
13846.0,2010-12
13848.0,2010-12
13849.0,2011-06
13850.0,2011-08
13851.0,2011-02
13853.0,2011-10
13854.0,2010-12
13856.0,2011-05
13858.0,2011-10
13859.0,2011-01
13860.0,2011-09
13862.0,2011-01
13863.0,2011-04
13865.0,2011-02
13866.0,2011-09
13867.0,2011-05
13868.0,2011-11
13869.0,2010-12
13870.0,2011-02
13871.0,2011-02
13873.0,2011-02
13874.0,2010-12
13875.0,2011-02
13876.0,2011-10
13877.0,2011-09
13878.0,2011-10
13880.0,2010-12
13881.0,2011-02
13882.0,2011-10
13883.0,2011-01
13884.0,2011-03
13885.0,2011-05
13886.0,2011-09
13887.0,2011-05
13888.0,2011-05
13889.0,2011-09
13890.0,2010-12
13892.0,2011-04
13893.0,2011-02
13894.0,2011-02
13895.0,2011-06
13897.0,2011-10
13898.0,2011-01
13899.0,2011-03
13900.0,2011-03
13901.0,2011-01
13904.0,2011-02
13908.0,2011-03
13911.0,2011-02
13914.0,2011-11
13917.0,2011-06
13918.0,2011-03
13919.0,2011-08
13922.0,2010-12
13923.0,2011-10
13924.0,2011-09
13925.0,2011-07
13926.0,2011-11
13927.0,2011-09
13928.0,2011-07
13929.0,2011-01
13930.0,2011-07
13931.0,2011-03
13932.0,2011-02
13933.0,2011-07
13934.0,2011-03
13936.0,2011-06
13937.0,2011-06
13938.0,2011-11
13939.0,2011-02
13940.0,2011-07
13941.0,2010-12
13946.0,2011-03
13947.0,2011-10
13948.0,2010-12
13949.0,2011-09
13950.0,2011-04
13951.0,2011-02
13952.0,2011-04
13953.0,2010-12
13954.0,2011-09
13955.0,2011-02
13956.0,2011-03
13958.0,2010-12
13959.0,2010-12
13960.0,2011-09
13962.0,2011-04
13963.0,2010-12
13967.0,2011-07
13969.0,2010-12
13971.0,2011-02
13972.0,2011-05
13973.0,2011-02
13974.0,2011-10
13975.0,2011-03
13976.0,2011-05
13978.0,2011-10
13979.0,2011-09
13980.0,2011-10
13982.0,2010-12
13983.0,2010-12
13984.0,2010-12
13985.0,2011-03
13986.0,2011-11
13988.0,2011-03
13989.0,2011-04
13990.0,2011-05
13991.0,2011-07
13992.0,2011-11
13993.0,2011-01
13994.0,2011-07
13995.0,2011-04
13999.0,2010-12
14000.0,2011-05
14001.0,2010-12
14002.0,2011-07
14004.0,2011-02
14005.0,2011-05
14006.0,2011-01
14009.0,2011-05
14012.0,2011-03
14013.0,2011-03
14014.0,2011-09
14015.0,2011-10
14016.0,2010-12
14019.0,2011-07
14020.0,2011-09
14021.0,2011-03
14022.0,2011-04
14023.0,2011-04
14024.0,2011-08
14027.0,2011-10
14029.0,2011-07
14030.0,2010-12
14031.0,2010-12
14032.0,2010-12
14034.0,2011-07
14035.0,2011-02
14036.0,2011-02
14037.0,2010-12
14038.0,2011-05
14039.0,2011-11
14040.0,2011-01
14041.0,2011-03
14044.0,2011-02
14045.0,2010-12
14046.0,2011-02
14047.0,2010-12
14048.0,2011-02
14049.0,2011-01
14050.0,2011-08
14051.0,2010-12
14052.0,2011-11
14053.0,2011-07
14054.0,2011-10
14055.0,2011-08
14056.0,2011-02
14057.0,2010-12
14059.0,2011-03
14060.0,2010-12
14062.0,2010-12
14064.0,2011-03
14066.0,2011-03
14067.0,2011-09
14068.0,2011-01
14071.0,2011-03
14073.0,2011-11
14075.0,2011-03
14076.0,2011-08
14077.0,2011-03
14078.0,2010-12
14079.0,2011-08
14080.0,2011-11
14081.0,2010-12
14082.0,2010-12
14083.0,2010-12
14085.0,2010-12
14087.0,2011-12
14088.0,2011-01
14089.0,2011-10
14090.0,2011-01
14092.0,2010-12
14093.0,2011-11
14096.0,2011-08
14098.0,2011-11
14099.0,2010-12
14100.0,2011-07
14101.0,2011-01
14102.0,2011-10
14104.0,2011-06
14105.0,2011-04
14107.0,2010-12
14108.0,2011-08
14109.0,2011-09
14110.0,2011-03
14111.0,2011-04
14112.0,2011-03
14113.0,2010-12
14114.0,2011-01
14116.0,2011-08
14117.0,2011-07
14119.0,2010-12
14121.0,2011-10
14124.0,2011-09
14125.0,2011-09
14126.0,2011-11
14127.0,2011-02
14128.0,2011-03
14129.0,2011-03
14130.0,2011-01
14132.0,2011-06
14133.0,2011-01
14135.0,2010-12
14138.0,2011-10
14139.0,2011-10
14140.0,2011-11
14141.0,2011-08
14142.0,2010-12
14143.0,2011-07
14145.0,2011-05
14146.0,2010-12
14147.0,2011-02
14148.0,2011-04
14149.0,2011-05
14150.0,2010-12
14152.0,2011-04
14154.0,2011-04
14155.0,2011-03
14156.0,2010-12
14157.0,2011-02
14158.0,2011-10
14159.0,2010-12
14161.0,2010-12
14162.0,2011-02
14163.0,2011-04
14164.0,2011-09
14165.0,2011-03
14167.0,2011-01
14171.0,2011-09
14173.0,2011-05
14174.0,2011-11
14175.0,2011-01
14176.0,2010-12
14177.0,2011-06
14178.0,2011-06
14179.0,2011-10
14180.0,2010-12
14184.0,2011-10
14185.0,2011-01
14188.0,2011-02
14189.0,2010-12
14191.0,2011-05
14193.0,2011-03
14194.0,2011-02
14195.0,2011-04
14196.0,2011-08
14198.0,2011-04
14199.0,2011-05
14201.0,2010-12
14204.0,2011-12
14205.0,2010-12
14206.0,2010-12
14208.0,2011-09
14209.0,2011-01
14210.0,2010-12
14211.0,2011-02
14212.0,2011-09
14213.0,2010-12
14214.0,2011-03
14215.0,2010-12
14216.0,2011-11
14217.0,2010-12
14218.0,2011-10
14219.0,2011-12
14220.0,2010-12
14221.0,2011-01
14222.0,2011-06
14223.0,2011-03
14224.0,2011-01
14226.0,2011-03
14227.0,2011-02
14229.0,2011-01
14231.0,2011-02
14232.0,2011-03
14233.0,2011-01
14234.0,2011-10
14235.0,2011-03
14236.0,2010-12
14237.0,2010-12
14238.0,2011-01
14239.0,2011-01
14240.0,2011-04
14241.0,2011-06
14242.0,2011-01
14243.0,2010-12
14245.0,2011-03
14246.0,2011-04
14247.0,2011-03
14248.0,2011-01
14250.0,2011-09
14251.0,2011-10
14256.0,2010-12
14257.0,2011-01
14258.0,2011-01
14259.0,2011-07
14261.0,2011-09
14262.0,2011-04
14264.0,2010-12
14265.0,2011-07
14267.0,2011-03
14270.0,2011-01
14271.0,2011-04
14272.0,2011-03
14273.0,2011-04
14276.0,2011-02
14277.0,2011-05
14280.0,2011-05
14282.0,2010-12
14284.0,2011-09
14285.0,2011-06
14286.0,2011-04
14287.0,2011-05
14288.0,2011-05
14289.0,2011-02
14290.0,2010-12
14291.0,2011-03
14292.0,2011-01
14293.0,2010-12
14295.0,2011-01
14297.0,2011-03
14298.0,2010-12
14299.0,2010-12
14300.0,2011-11
14301.0,2011-08
14304.0,2011-02
14305.0,2011-07
14306.0,2011-09
14307.0,2010-12
14309.0,2010-12
14311.0,2011-04
14312.0,2011-01
14314.0,2011-08
14315.0,2011-03
14317.0,2011-10
14320.0,2011-01
14321.0,2011-01
14323.0,2011-04
14326.0,2011-04
14327.0,2011-06
14329.0,2011-01
14331.0,2011-07
14332.0,2011-07
14333.0,2011-10
14334.0,2010-12
14335.0,2011-09
14336.0,2011-03
14338.0,2011-05
14339.0,2011-04
14340.0,2011-05
14341.0,2011-01
14342.0,2011-05
14344.0,2010-12
14345.0,2011-11
14346.0,2011-02
14348.0,2011-03
14349.0,2011-11
14350.0,2011-03
14351.0,2011-06
14352.0,2011-03
14353.0,2011-05
14354.0,2011-11
14355.0,2010-12
14356.0,2011-09
14357.0,2011-10
14359.0,2011-09
14360.0,2011-09
14362.0,2011-11
14364.0,2011-05
14367.0,2011-03
14368.0,2011-01
14371.0,2011-02
14373.0,2010-12
14375.0,2011-06
14377.0,2011-03
14379.0,2011-02
14381.0,2011-10
14382.0,2011-11
14383.0,2011-06
14385.0,2011-11
14386.0,2011-02
14387.0,2011-08
14388.0,2010-12
14389.0,2011-01
14390.0,2010-12
14393.0,2011-05
14395.0,2010-12
14396.0,2010-12
14397.0,2011-05
14400.0,2011-07
14401.0,2010-12
14403.0,2011-04
14404.0,2010-12
14406.0,2011-08
14407.0,2011-03
14408.0,2011-03
14409.0,2010-12
14410.0,2011-02
14411.0,2011-02
14412.0,2011-09
14413.0,2010-12
14414.0,2010-12
14415.0,2010-12
14416.0,2011-10
14418.0,2011-08
14419.0,2010-12
14420.0,2011-09
14421.0,2011-05
14422.0,2011-03
14423.0,2011-05
14424.0,2011-11
14426.0,2010-12
14427.0,2011-10
14428.0,2011-01
14431.0,2011-02
14432.0,2011-09
14434.0,2011-09
14436.0,2011-09
14437.0,2010-12
14438.0,2011-02
14439.0,2011-01
14440.0,2010-12
14441.0,2010-12
14442.0,2011-01
14443.0,2010-12
14446.0,2011-04
14447.0,2011-03
14448.0,2010-12
14449.0,2010-12
14450.0,2011-01
14451.0,2011-05
14452.0,2011-09
14453.0,2011-06
14456.0,2011-07
14457.0,2011-02
14459.0,2011-07
14460.0,2011-02
14461.0,2011-03
14462.0,2011-01
14463.0,2011-05
14465.0,2011-02
14466.0,2010-12
14467.0,2011-01
14470.0,2011-02
14472.0,2010-12
14473.0,2011-03
14474.0,2011-10
14475.0,2011-02
14476.0,2011-03
14477.0,2011-02
14479.0,2010-12
14480.0,2011-11
14481.0,2011-02
14482.0,2011-04
14483.0,2011-03
14484.0,2011-10
14485.0,2011-11
14487.0,2010-12
14488.0,2011-10
14489.0,2011-05
14491.0,2010-12
14493.0,2011-07
14494.0,2011-11
14495.0,2011-08
14496.0,2010-12
14497.0,2011-02
14498.0,2010-12
14499.0,2011-03
14500.0,2011-06
14501.0,2011-01
14502.0,2011-01
14503.0,2011-06
14504.0,2011-03
14505.0,2010-12
14506.0,2010-12
14507.0,2011-03
14508.0,2011-09
14511.0,2011-07
14512.0,2011-04
14513.0,2011-02
14514.0,2011-01
14515.0,2011-05
14517.0,2011-07
14518.0,2011-10
14520.0,2011-02
14522.0,2011-05
14523.0,2011-08
14524.0,2010-12
14525.0,2010-12
14527.0,2010-12
14528.0,2011-11
14529.0,2011-08
14530.0,2011-02
14532.0,2010-12
14533.0,2010-12
14534.0,2011-01
14535.0,2011-04
14536.0,2011-03
14537.0,2011-10
14538.0,2011-03
14539.0,2011-10
14540.0,2011-02
14541.0,2011-01
14542.0,2011-06
14543.0,2010-12
14544.0,2010-12
14546.0,2011-04
14547.0,2011-10
14548.0,2011-01
14549.0,2011-02
14550.0,2011-10
14551.0,2011-05
14552.0,2011-07
14553.0,2011-01
14554.0,2011-10
14555.0,2011-02
14557.0,2011-09
14560.0,2010-12
14561.0,2011-06
14562.0,2011-02
14565.0,2010-12
14566.0,2011-08
14567.0,2011-08
14569.0,2011-12
14570.0,2011-03
14572.0,2011-01
14573.0,2010-12
14576.0,2010-12
14577.0,2010-12
14578.0,2011-12
14581.0,2011-11
14582.0,2011-10
14583.0,2011-05
14584.0,2011-05
14585.0,2011-10
14586.0,2011-03
14587.0,2011-01
14589.0,2010-12
14591.0,2011-05
14592.0,2011-10
14593.0,2011-05
14594.0,2010-12
14595.0,2011-01
14597.0,2011-06
14598.0,2011-10
14600.0,2011-02
14601.0,2011-11
14603.0,2011-03
14606.0,2010-12
14607.0,2011-03
14608.0,2010-12
14609.0,2011-02
14616.0,2011-01
14618.0,2010-12
14619.0,2011-04
14620.0,2011-03
14621.0,2010-12
14622.0,2011-06
14623.0,2011-04
14624.0,2011-10
14625.0,2010-12
14626.0,2011-04
14627.0,2011-02
14628.0,2011-04
14629.0,2011-10
14631.0,2011-02
14632.0,2011-03
14633.0,2011-03
14636.0,2011-03
14638.0,2011-10
14639.0,2010-12
14640.0,2011-04
14641.0,2011-11
14642.0,2011-10
14643.0,2010-12
14644.0,2011-02
14645.0,2011-03
14646.0,2010-12
14647.0,2011-05
14649.0,2011-05
14651.0,2011-05
14652.0,2011-09
14653.0,2011-01
14655.0,2011-05
14656.0,2011-03
14657.0,2011-01
14658.0,2011-08
14659.0,2011-01
14660.0,2011-08
14661.0,2011-11
14662.0,2011-01
14664.0,2011-11
14665.0,2011-02
14666.0,2011-11
14667.0,2010-12
14669.0,2011-01
14670.0,2011-03
14672.0,2011-01
14673.0,2010-12
14675.0,2011-11
14676.0,2011-02
14679.0,2010-12
14680.0,2010-12
14681.0,2011-05
14682.0,2011-05
14684.0,2010-12
14687.0,2011-08
14688.0,2010-12
14689.0,2011-05
14690.0,2011-07
14691.0,2011-05
14692.0,2011-01
14693.0,2011-03
14696.0,2010-12
14697.0,2011-05
14698.0,2011-10
14699.0,2011-05
14700.0,2011-04
14701.0,2011-01
14702.0,2010-12
14703.0,2011-11
14704.0,2011-06
14705.0,2011-05
14708.0,2010-12
14709.0,2010-12
14710.0,2011-10
14711.0,2011-03
14712.0,2011-08
14713.0,2010-12
14714.0,2011-11
14715.0,2011-01
14716.0,2011-07
14719.0,2011-04
14720.0,2011-08
14722.0,2011-07
14723.0,2010-12
14725.0,2011-11
14727.0,2011-03
14729.0,2010-12
14730.0,2011-03
14731.0,2011-05
14732.0,2011-01
14733.0,2010-12
14735.0,2010-12
14737.0,2010-12
14738.0,2011-01
14739.0,2010-12
14740.0,2011-03
14741.0,2010-12
14744.0,2010-12
14745.0,2011-02
14747.0,2011-04
14748.0,2010-12
14752.0,2011-10
14753.0,2011-09
14754.0,2011-02
14755.0,2011-01
14756.0,2011-11
14757.0,2011-09
14758.0,2011-03
14759.0,2011-04
14760.0,2011-02
14761.0,2011-01
14762.0,2011-03
14764.0,2011-10
14765.0,2011-06
14766.0,2010-12
14768.0,2011-08
14769.0,2010-12
14770.0,2011-01
14772.0,2011-08
14775.0,2010-12
14776.0,2011-01
14777.0,2010-12
14778.0,2011-02
14779.0,2011-01
14780.0,2011-09
14782.0,2011-01
14784.0,2011-01
14785.0,2011-11
14788.0,2011-11
14789.0,2011-11
14790.0,2011-03
14792.0,2011-10
14793.0,2011-11
14794.0,2011-01
14795.0,2011-06
14796.0,2010-12
14798.0,2011-02
14799.0,2011-10
14800.0,2010-12
14801.0,2011-10
14803.0,2011-02
14804.0,2011-12
14805.0,2011-01
14806.0,2011-09
14808.0,2011-06
14810.0,2010-12
14813.0,2010-12
14815.0,2011-10
14816.0,2011-05
14817.0,2011-03
14818.0,2011-03
14819.0,2011-05
14820.0,2011-06
14821.0,2010-12
14823.0,2011-05
14824.0,2011-09
14825.0,2010-12
14828.0,2011-01
14829.0,2010-12
14830.0,2011-10
14834.0,2011-04
14836.0,2011-11
14837.0,2011-05
14840.0,2011-03
14841.0,2010-12
14842.0,2011-02
14844.0,2011-04
14847.0,2011-07
14849.0,2010-12
14850.0,2010-12
14851.0,2011-03
14852.0,2011-04
14853.0,2011-05
14854.0,2011-03
14855.0,2011-07
14856.0,2011-10
14857.0,2011-07
14859.0,2011-05
14860.0,2011-11
14861.0,2011-10
14862.0,2011-07
14863.0,2011-11
14865.0,2010-12
14866.0,2010-12
14867.0,2010-12
14868.0,2011-04
14869.0,2011-08
14870.0,2011-03
14871.0,2010-12
14873.0,2011-05
14875.0,2011-03
14878.0,2010-12
14880.0,2011-02
14881.0,2011-11
14882.0,2011-11
14883.0,2011-05
14885.0,2011-07
14886.0,2011-04
14887.0,2011-09
14888.0,2011-05
14889.0,2011-01
14890.0,2011-03
14891.0,2011-06
14893.0,2011-11
14894.0,2011-09
14895.0,2011-01
14896.0,2010-12
14897.0,2011-02
14898.0,2010-12
14901.0,2010-12
14902.0,2011-11
14903.0,2011-03
14904.0,2011-11
14905.0,2011-04
14907.0,2010-12
14908.0,2011-09
14910.0,2011-10
14911.0,2010-12
14912.0,2011-04
14913.0,2010-12
14915.0,2011-03
14916.0,2011-01
14918.0,2011-07
14920.0,2011-05
14921.0,2011-05
14923.0,2011-10
14924.0,2011-04
14929.0,2011-11
14930.0,2011-03
14931.0,2011-04
14932.0,2010-12
14934.0,2011-03
14935.0,2011-02
14936.0,2011-03
14937.0,2011-08
14944.0,2010-12
14946.0,2011-11
14947.0,2011-08
14948.0,2011-05
14950.0,2011-11
14951.0,2011-09
14952.0,2010-12
14953.0,2011-11
14954.0,2011-11
14957.0,2011-03
14958.0,2011-04
14959.0,2011-02
14960.0,2011-06
14961.0,2010-12
14962.0,2011-03
14963.0,2011-06
14964.0,2011-04
14965.0,2011-09
14966.0,2011-11
14967.0,2011-10
14968.0,2011-11
14970.0,2011-01
14971.0,2011-10
14972.0,2011-08
14973.0,2011-04
14974.0,2011-11
14975.0,2011-10
14976.0,2011-01
14978.0,2011-01
14981.0,2011-04
14984.0,2011-06
14985.0,2010-12
14987.0,2010-12
14988.0,2011-05
14995.0,2011-03
14997.0,2011-06
14998.0,2011-04
15000.0,2011-10
15002.0,2010-12
15004.0,2011-07
15005.0,2010-12
15006.0,2011-10
15007.0,2011-07
15009.0,2011-11
15010.0,2011-11
15012.0,2010-12
15014.0,2011-06
15016.0,2011-06
15017.0,2011-11
15018.0,2010-12
15019.0,2011-03
15021.0,2010-12
15022.0,2011-10
15023.0,2010-12
15024.0,2010-12
15025.0,2011-11
15026.0,2011-03
15027.0,2011-04
15028.0,2010-12
15030.0,2011-03
15031.0,2011-03
15032.0,2010-12
15033.0,2011-01
15034.0,2010-12
15035.0,2011-09
15036.0,2011-06
15038.0,2010-12
15039.0,2010-12
15041.0,2011-06
15042.0,2011-05
15043.0,2011-11
15044.0,2010-12
15045.0,2011-03
15046.0,2011-01
15047.0,2011-03
15048.0,2010-12
15049.0,2011-03
15050.0,2011-09
15051.0,2011-07
15052.0,2011-01
15053.0,2011-03
15054.0,2011-10
15057.0,2011-01
15058.0,2011-01
15059.0,2011-01
15060.0,2011-11
15061.0,2010-12
15062.0,2010-12
15063.0,2011-05
15065.0,2011-02
15066.0,2011-10
15067.0,2011-03
15068.0,2011-03
15069.0,2011-06
15070.0,2010-12
15071.0,2011-03
15073.0,2011-06
15074.0,2011-08
15075.0,2011-09
15076.0,2011-06
15078.0,2010-12
15079.0,2010-12
15081.0,2010-12
15083.0,2011-03
15087.0,2011-03
15088.0,2011-10
15089.0,2011-08
15090.0,2011-02
15091.0,2011-10
15092.0,2011-03
15093.0,2010-12
15095.0,2011-05
15096.0,2011-10
15097.0,2011-12
15098.0,2011-06
15099.0,2011-09
15100.0,2010-12
15101.0,2010-12
15103.0,2011-09
15104.0,2011-03
15105.0,2011-07
15106.0,2011-03
15107.0,2010-12
15108.0,2011-04
15109.0,2011-04
15110.0,2011-01
15111.0,2010-12
15113.0,2011-10
15114.0,2011-02
15115.0,2011-11
15116.0,2011-05
15117.0,2011-05
15118.0,2011-07
15119.0,2011-04
15120.0,2011-07
15121.0,2011-02
15122.0,2011-02
15123.0,2011-05
15124.0,2011-06
15125.0,2011-03
15127.0,2011-10
15128.0,2011-05
15129.0,2011-02
15130.0,2011-06
15132.0,2011-03
15133.0,2011-02
15134.0,2011-04
15135.0,2011-04
15136.0,2011-09
15139.0,2011-01
15140.0,2011-03
15142.0,2011-10
15143.0,2011-04
15144.0,2011-01
15145.0,2011-04
15146.0,2011-02
15147.0,2011-04
15148.0,2011-11
15149.0,2011-07
15150.0,2011-03
15152.0,2011-06
15153.0,2011-11
15154.0,2011-09
15156.0,2011-11
15157.0,2010-12
15158.0,2011-10
15159.0,2010-12
15160.0,2010-12
15163.0,2011-05
15164.0,2011-01
15165.0,2010-12
15167.0,2011-01
15168.0,2011-11
15171.0,2011-01
15172.0,2011-04
15174.0,2011-01
15175.0,2011-09
15178.0,2011-03
15179.0,2010-12
15180.0,2010-12
15181.0,2010-12
15182.0,2011-03
15184.0,2011-06
15185.0,2011-09
15186.0,2011-06
15187.0,2011-05
15189.0,2011-01
15192.0,2010-12
15193.0,2011-10
15194.0,2010-12
15195.0,2011-12
15197.0,2010-12
15198.0,2011-08
15199.0,2011-02
15201.0,2011-04
15203.0,2011-02
15204.0,2010-12
15205.0,2011-08
15206.0,2011-03
15208.0,2010-12
15210.0,2011-04
15211.0,2010-12
15212.0,2011-04
15213.0,2011-01
15214.0,2011-04
15215.0,2011-01
15216.0,2011-09
15218.0,2011-01
15219.0,2011-06
15220.0,2011-03
15221.0,2010-12
15222.0,2011-01
15223.0,2011-04
15224.0,2010-12
15225.0,2011-04
15226.0,2011-02
15227.0,2011-01
15228.0,2011-02
15230.0,2011-04
15232.0,2011-07
15234.0,2011-03
15235.0,2010-12
15236.0,2011-02
15237.0,2011-04
15238.0,2011-06
15239.0,2011-09
15240.0,2010-12
15241.0,2011-03
15243.0,2011-09
15244.0,2011-04
15245.0,2011-03
15246.0,2010-12
15247.0,2011-08
15249.0,2011-03
15251.0,2011-04
15252.0,2011-06
15253.0,2011-06
15254.0,2011-08
15255.0,2011-10
15256.0,2011-07
15257.0,2011-03
15258.0,2011-05
15260.0,2010-12
15261.0,2011-07
15262.0,2011-01
15263.0,2011-08
15264.0,2011-10
15265.0,2011-04
15266.0,2011-01
15267.0,2011-06
15269.0,2011-11
15270.0,2011-02
15271.0,2010-12
15272.0,2011-09
15274.0,2011-11
15275.0,2011-11
15276.0,2011-10
15277.0,2011-10
15279.0,2010-12
15280.0,2011-06
15281.0,2011-01
15286.0,2011-10
15287.0,2011-09
15288.0,2010-12
15289.0,2011-04
15290.0,2010-12
15291.0,2010-12
15292.0,2011-05
15296.0,2011-01
15297.0,2011-10
15298.0,2010-12
15299.0,2010-12
15300.0,2011-10
15301.0,2010-12
15303.0,2011-02
15304.0,2010-12
15306.0,2011-07
15307.0,2011-09
15308.0,2011-03
15311.0,2010-12
15312.0,2010-12
15313.0,2011-08
15314.0,2011-05
15315.0,2011-08
15316.0,2011-01
15318.0,2011-12
15319.0,2011-03
15320.0,2011-10
15321.0,2011-02
15322.0,2011-09
15325.0,2011-08
15326.0,2011-01
15327.0,2011-10
15329.0,2010-12
15330.0,2011-10
15332.0,2010-12
15333.0,2011-05
15334.0,2011-06
15335.0,2011-10
15339.0,2011-01
15341.0,2011-09
15342.0,2011-08
15343.0,2011-09
15344.0,2011-09
15345.0,2011-10
15346.0,2011-01
15347.0,2010-12
15348.0,2011-09
15349.0,2011-06
15350.0,2010-12
15351.0,2010-12
15353.0,2010-12
15355.0,2011-10
15356.0,2010-12
15358.0,2010-12
15360.0,2011-10
15361.0,2010-12
15363.0,2010-12
15364.0,2011-03
15365.0,2011-01
15366.0,2010-12
15367.0,2011-03
15368.0,2011-11
15369.0,2011-07
15370.0,2011-01
15372.0,2011-07
15373.0,2010-12
15374.0,2011-08
15376.0,2011-05
15379.0,2010-12
15380.0,2010-12
15381.0,2011-03
15382.0,2011-02
15384.0,2010-12
15385.0,2011-10
15386.0,2011-06
15388.0,2011-03
15389.0,2011-06
15392.0,2010-12
15393.0,2011-03
15394.0,2010-12
15395.0,2011-01
15396.0,2011-08
15397.0,2011-02
15398.0,2011-09
15399.0,2011-09
15400.0,2011-03
15402.0,2011-05
15405.0,2011-06
15406.0,2011-02
15407.0,2011-02
15408.0,2011-03
15410.0,2011-03
15411.0,2011-06
15412.0,2011-06
15414.0,2011-04
15415.0,2011-01
15416.0,2011-03
15417.0,2011-09
15419.0,2011-11
15421.0,2011-02
15422.0,2011-01
15423.0,2011-11
15424.0,2011-03
15426.0,2010-12
15427.0,2011-10
15428.0,2011-11
15429.0,2011-09
15432.0,2011-11
15433.0,2011-03
15434.0,2011-05
15435.0,2011-11
15436.0,2011-04
15437.0,2011-03
15438.0,2011-07
15440.0,2011-05
15442.0,2011-04
15443.0,2011-01
15444.0,2011-10
15445.0,2011-03
15447.0,2011-01
15448.0,2011-01
15449.0,2011-03
15450.0,2011-11
15452.0,2011-03
15453.0,2011-06
15454.0,2010-12
15456.0,2010-12
15457.0,2011-03
15458.0,2011-11
15460.0,2010-12
15462.0,2011-06
15463.0,2011-11
15464.0,2011-01
15465.0,2010-12
15466.0,2011-09
15467.0,2011-07
15468.0,2010-12
15469.0,2011-08
15471.0,2011-12
15472.0,2011-08
15473.0,2011-10
15475.0,2011-09
15478.0,2011-10
15480.0,2011-08
15482.0,2010-12
15483.0,2011-03
15484.0,2011-09
15485.0,2010-12
15488.0,2011-09
15489.0,2011-05
15491.0,2011-04
15492.0,2011-09
15493.0,2011-03
15494.0,2011-08
15497.0,2011-01
15498.0,2010-12
15500.0,2011-09
15502.0,2010-12
15503.0,2010-12
15504.0,2011-09
15505.0,2011-07
15506.0,2011-07
15507.0,2011-06
15508.0,2011-04
15510.0,2011-01
15511.0,2011-09
15512.0,2010-12
15513.0,2010-12
15514.0,2010-12
15516.0,2011-10
15517.0,2011-04
15518.0,2011-01
15520.0,2011-12
15521.0,2011-03
15522.0,2011-09
15523.0,2011-09
15524.0,2011-11
15525.0,2010-12
15526.0,2011-11
15527.0,2010-12
15528.0,2011-03
15529.0,2010-12
15530.0,2011-04
15531.0,2011-11
15532.0,2010-12
15533.0,2011-09
15535.0,2010-12
15537.0,2011-06
15539.0,2011-12
15540.0,2011-11
15541.0,2011-08
15543.0,2011-02
15544.0,2010-12
15545.0,2010-12
15547.0,2010-12
15549.0,2011-01
15550.0,2011-02
15551.0,2011-11
15552.0,2011-05
15553.0,2011-10
15554.0,2011-03
15555.0,2010-12
15556.0,2011-11
15557.0,2011-11
15561.0,2011-05
15562.0,2010-12
15563.0,2010-12
15565.0,2011-09
15567.0,2011-11
15568.0,2011-09
15569.0,2011-01
15570.0,2010-12
15571.0,2011-09
15572.0,2011-03
15573.0,2011-09
15574.0,2010-12
15576.0,2011-11
15577.0,2011-02
15578.0,2011-06
15579.0,2011-01
15581.0,2010-12
15582.0,2011-05
15584.0,2011-06
15585.0,2011-06
15587.0,2010-12
15589.0,2011-02
15590.0,2011-02
15592.0,2011-10
15593.0,2011-09
15594.0,2011-04
15596.0,2010-12
15597.0,2011-11
15598.0,2011-10
15599.0,2011-05
15601.0,2010-12
15602.0,2010-12
15603.0,2011-09
15604.0,2011-10
15605.0,2010-12
15606.0,2011-01
15607.0,2011-01
15608.0,2011-08
15609.0,2011-06
15610.0,2011-10
15611.0,2011-01
15612.0,2011-10
15615.0,2010-12
15618.0,2011-07
15619.0,2011-11
15620.0,2010-12
15621.0,2011-11
15622.0,2011-03
15623.0,2011-07
15624.0,2011-03
15625.0,2011-04
15626.0,2011-01
15628.0,2010-12
15630.0,2011-05
15632.0,2011-03
15634.0,2011-11
15636.0,2011-03
15637.0,2011-10
15638.0,2011-02
15639.0,2011-07
15640.0,2010-12
15641.0,2010-12
15643.0,2011-03
15644.0,2011-03
15645.0,2011-11
15646.0,2010-12
15648.0,2011-03
15649.0,2010-12
15651.0,2011-03
15652.0,2011-09
15653.0,2011-08
15654.0,2011-11
15655.0,2011-04
15656.0,2011-02
15657.0,2011-11
15658.0,2010-12
15659.0,2011-10
15660.0,2010-12
15661.0,2011-01
15663.0,2011-08
15664.0,2010-12
15665.0,2011-04
15667.0,2011-10
15668.0,2011-05
15669.0,2011-03
15670.0,2011-02
15671.0,2011-03
15673.0,2011-01
15674.0,2011-03
15675.0,2011-03
15676.0,2011-03
15677.0,2011-10
15678.0,2011-10
15679.0,2011-06
15680.0,2010-12
15681.0,2011-03
15683.0,2011-08
15687.0,2011-01
15689.0,2010-12
15690.0,2011-08
15691.0,2011-04
15692.0,2011-11
15694.0,2010-12
15695.0,2011-03
15696.0,2011-01
15699.0,2011-11
15700.0,2011-06
15701.0,2011-08
15703.0,2011-03
15704.0,2011-05
15705.0,2011-05
15706.0,2011-08
15707.0,2011-09
15708.0,2010-12
15709.0,2011-03
15712.0,2011-02
15713.0,2010-12
15714.0,2011-09
15716.0,2010-12
15717.0,2011-04
15719.0,2011-01
15720.0,2011-11
15721.0,2011-11
15722.0,2011-02
15723.0,2010-12
15724.0,2011-02
15725.0,2011-11
15727.0,2010-12
15728.0,2011-10
15729.0,2011-05
15730.0,2011-05
15732.0,2010-12
15733.0,2011-03
15734.0,2011-05
15737.0,2011-04
15738.0,2010-12
15739.0,2011-10
15740.0,2011-10
15743.0,2011-06
15744.0,2011-09
15745.0,2011-04
15746.0,2011-07
15747.0,2011-06
15748.0,2011-10
15749.0,2011-01
15750.0,2010-12
15752.0,2010-12
15753.0,2011-02
15754.0,2011-04
15755.0,2011-02
15756.0,2011-04
15757.0,2011-05
15758.0,2011-11
15759.0,2010-12
15762.0,2011-09
15763.0,2011-09
15764.0,2011-03
15766.0,2011-10
15768.0,2011-04
15769.0,2010-12
15773.0,2011-12
15774.0,2011-10
15775.0,2011-04
15776.0,2011-07
15777.0,2010-12
15780.0,2010-12
15781.0,2011-02
15782.0,2011-09
15783.0,2011-11
15785.0,2011-02
15786.0,2011-08
15787.0,2011-10
15789.0,2010-12
15790.0,2011-11
15791.0,2011-05
15793.0,2011-03
15795.0,2011-07
15796.0,2011-02
15797.0,2011-01
15799.0,2011-01
15800.0,2011-04
15801.0,2011-08
15802.0,2011-07
15803.0,2011-10
15804.0,2011-05
15805.0,2010-12
15806.0,2011-03
15807.0,2011-09
15808.0,2010-12
15809.0,2011-02
15810.0,2011-02
15811.0,2010-12
15812.0,2011-01
15813.0,2011-04
15814.0,2011-10
15815.0,2011-03
15819.0,2011-03
15820.0,2011-01
15821.0,2011-10
15822.0,2010-12
15823.0,2010-12
15825.0,2011-06
15826.0,2011-05
15827.0,2010-12
15829.0,2011-07
15830.0,2011-11
15831.0,2011-01
15832.0,2011-03
15834.0,2010-12
15835.0,2011-01
15836.0,2011-10
15837.0,2011-10
15838.0,2010-12
15839.0,2011-07
15840.0,2011-06
15841.0,2011-01
15843.0,2011-02
15844.0,2011-10
15845.0,2011-01
15847.0,2011-02
15850.0,2011-06
15852.0,2011-05
15853.0,2011-10
15854.0,2010-12
15855.0,2011-03
15856.0,2010-12
15857.0,2011-11
15858.0,2010-12
15860.0,2010-12
15861.0,2011-03
15862.0,2010-12
15863.0,2011-05
15864.0,2011-01
15865.0,2011-05
15866.0,2011-08
15867.0,2010-12
15869.0,2011-03
15870.0,2011-11
15872.0,2011-11
15874.0,2011-02
15877.0,2011-11
15880.0,2010-12
15881.0,2010-12
15882.0,2010-12
15883.0,2011-11
15885.0,2011-02
15886.0,2011-10
15888.0,2011-09
15889.0,2010-12
15891.0,2011-04
15894.0,2010-12
15895.0,2011-07
15897.0,2011-05
15898.0,2010-12
15899.0,2010-12
15900.0,2011-11
15901.0,2011-07
15903.0,2011-02
15904.0,2011-12
15906.0,2011-03
15907.0,2011-05
15909.0,2011-06
15910.0,2011-01
15912.0,2011-04
15916.0,2010-12
15917.0,2011-04
15918.0,2011-03
15919.0,2010-12
15920.0,2011-07
15921.0,2011-06
15922.0,2010-12
15923.0,2010-12
15925.0,2011-05
15930.0,2011-10
15932.0,2011-02
15933.0,2011-09
15935.0,2011-04
15937.0,2011-10
15938.0,2011-01
15939.0,2011-01
15940.0,2011-02
15942.0,2011-07
15944.0,2011-03
15945.0,2010-12
15947.0,2011-09
15948.0,2011-10
15949.0,2011-09
15950.0,2010-12
15951.0,2011-02
15952.0,2011-04
15953.0,2010-12
15955.0,2010-12
15957.0,2011-11
15958.0,2011-09
15963.0,2011-10
15965.0,2010-12
15967.0,2011-01
15969.0,2011-06
15970.0,2011-02
15971.0,2011-02
15973.0,2010-12
15974.0,2011-02
15975.0,2011-09
15976.0,2011-05
15977.0,2011-10
15978.0,2011-09
15980.0,2011-03
15981.0,2011-02
15983.0,2010-12
15984.0,2010-12
15985.0,2011-04
15986.0,2011-11
15987.0,2010-12
15988.0,2011-11
15990.0,2011-02
15992.0,2011-12
15993.0,2011-10
15994.0,2011-10
15996.0,2010-12
15998.0,2010-12
16000.0,2011-12
16003.0,2010-12
16005.0,2011-03
16006.0,2011-05
16007.0,2011-05
16008.0,2011-05
16009.0,2011-07
16010.0,2010-12
16011.0,2010-12
16012.0,2011-07
16013.0,2010-12
16014.0,2011-02
16015.0,2011-10
16016.0,2010-12
16017.0,2011-10
16018.0,2011-06
16019.0,2010-12
16020.0,2011-10
16022.0,2011-03
16023.0,2011-03
16024.0,2011-11
16025.0,2011-11
16026.0,2011-10
16027.0,2011-02
16029.0,2010-12
16030.0,2011-02
16031.0,2011-04
16033.0,2010-12
16034.0,2011-01
16036.0,2011-03
16037.0,2010-12
16038.0,2011-05
16040.0,2011-03
16041.0,2011-07
16042.0,2010-12
16043.0,2011-01
16045.0,2011-02
16048.0,2010-12
16049.0,2011-09
16050.0,2011-06
16052.0,2011-10
16053.0,2011-08
16054.0,2011-07
16055.0,2011-05
16056.0,2011-10
16057.0,2011-02
16059.0,2010-12
16061.0,2011-03
16062.0,2010-12
16063.0,2011-03
16065.0,2010-12
16066.0,2011-08
16070.0,2011-11
16071.0,2011-10
16072.0,2011-02
16073.0,2011-02
16076.0,2011-05
16078.0,2011-03
16079.0,2011-10
16080.0,2011-03
16081.0,2010-12
16083.0,2010-12
16084.0,2011-02
16085.0,2011-01
16086.0,2010-12
16091.0,2011-05
16092.0,2011-03
16093.0,2011-08
16094.0,2011-01
16096.0,2011-03
16097.0,2011-04
16098.0,2010-12
16099.0,2011-04
16101.0,2011-09
16102.0,2011-08
16103.0,2011-04
16104.0,2011-10
16105.0,2011-04
16106.0,2011-10
16107.0,2011-06
16108.0,2011-09
16109.0,2011-02
16110.0,2011-02
16112.0,2011-01
16113.0,2011-06
16114.0,2011-06
16115.0,2011-02
16116.0,2011-05
16117.0,2011-06
16119.0,2011-09
16120.0,2011-10
16121.0,2011-05
16122.0,2010-12
16123.0,2011-10
16124.0,2011-01
16125.0,2010-12
16126.0,2011-02
16127.0,2011-10
16128.0,2011-03
16131.0,2011-04
16133.0,2011-01
16134.0,2010-12
16135.0,2011-03
16136.0,2011-03
16138.0,2010-12
16139.0,2011-05
16140.0,2010-12
16141.0,2011-09
16142.0,2011-04
16143.0,2010-12
16144.0,2011-04
16145.0,2010-12
16146.0,2011-04
16147.0,2011-07
16148.0,2011-02
16149.0,2011-07
16150.0,2010-12
16152.0,2011-03
16153.0,2010-12
16156.0,2011-02
16157.0,2011-09
16159.0,2011-03
16160.0,2011-09
16161.0,2010-12
16162.0,2011-04
16163.0,2010-12
16164.0,2011-10
16168.0,2010-12
16169.0,2011-09
16170.0,2011-04
16171.0,2011-10
16172.0,2011-04
16173.0,2011-09
16174.0,2011-07
16175.0,2011-04
16177.0,2011-10
16178.0,2011-07
16179.0,2011-10
16180.0,2011-04
16181.0,2011-09
16182.0,2011-02
16183.0,2011-10
16184.0,2011-05
16185.0,2011-04
16186.0,2010-12
16187.0,2011-02
16188.0,2011-04
16189.0,2011-09
16190.0,2011-10
16191.0,2010-12
16193.0,2011-04
16198.0,2011-09
16200.0,2011-06
16201.0,2011-08
16202.0,2010-12
16203.0,2010-12
16204.0,2011-11
16205.0,2011-06
16206.0,2011-01
16207.0,2011-11
16208.0,2011-02
16209.0,2011-04
16210.0,2010-12
16211.0,2011-09
16212.0,2011-03
16213.0,2011-09
16214.0,2011-03
16215.0,2011-09
16216.0,2011-03
16217.0,2011-03
16218.0,2010-12
16221.0,2010-12
16222.0,2011-01
16224.0,2011-04
16225.0,2011-03
16226.0,2011-04
16227.0,2011-04
16229.0,2011-05
16230.0,2011-05
16232.0,2011-05
16233.0,2010-12
16235.0,2011-01
16236.0,2011-09
16239.0,2011-06
16240.0,2011-09
16241.0,2010-12
16242.0,2011-03
16243.0,2011-10
16244.0,2010-12
16245.0,2011-03
16247.0,2011-06
16248.0,2011-10
16249.0,2011-04
16250.0,2010-12
16252.0,2010-12
16253.0,2011-03
16255.0,2010-12
16256.0,2011-03
16257.0,2011-06
16258.0,2011-05
16260.0,2011-10
16261.0,2011-04
16262.0,2010-12
16265.0,2010-12
16266.0,2011-05
16268.0,2011-09
16270.0,2010-12
16271.0,2010-12
16272.0,2011-08
16274.0,2010-12
16275.0,2011-05
16276.0,2011-06
16278.0,2011-08
16279.0,2011-01
16281.0,2011-09
16282.0,2011-01
16283.0,2011-05
16284.0,2011-10
16287.0,2011-06
16292.0,2011-08
16293.0,2010-12
16295.0,2011-10
16297.0,2011-03
16298.0,2011-06
16302.0,2011-08
16303.0,2011-01
16305.0,2011-07
16306.0,2010-12
16308.0,2011-03
16309.0,2011-04
16311.0,2011-10
16313.0,2011-10
16315.0,2011-01
16316.0,2010-12
16317.0,2011-02
16318.0,2011-11
16319.0,2011-05
16320.0,2011-05
16321.0,2011-01
16322.0,2011-11
16323.0,2011-05
16324.0,2011-06
16325.0,2011-04
16326.0,2011-01
16327.0,2010-12
16330.0,2011-08
16332.0,2011-02
16333.0,2011-02
16337.0,2011-11
16338.0,2011-07
16339.0,2011-02
16340.0,2011-08
16341.0,2011-05
16342.0,2011-06
16343.0,2011-11
16344.0,2011-07
16345.0,2011-10
16347.0,2011-11
16348.0,2011-04
16349.0,2011-02
16350.0,2010-12
16351.0,2011-01
16352.0,2011-11
16353.0,2010-12
16354.0,2011-09
16356.0,2011-03
16357.0,2011-05
16358.0,2011-06
16359.0,2011-01
16360.0,2011-09
16361.0,2011-09
16362.0,2011-09
16363.0,2011-10
16364.0,2011-07
16365.0,2010-12
16366.0,2011-11
16367.0,2010-12
16368.0,2011-11
16369.0,2011-05
16370.0,2011-04
16372.0,2011-11
16374.0,2011-03
16376.0,2011-11
16377.0,2011-03
16378.0,2011-02
16379.0,2011-09
16380.0,2011-10
16383.0,2011-03
16384.0,2011-03
16385.0,2010-12
16386.0,2011-03
16387.0,2011-01
16389.0,2011-03
16392.0,2011-03
16393.0,2010-12
16394.0,2011-02
16395.0,2011-01
16398.0,2011-03
16399.0,2011-04
16400.0,2011-09
16401.0,2011-01
16402.0,2010-12
16403.0,2011-01
16404.0,2011-09
16405.0,2011-02
16406.0,2011-11
16407.0,2011-01
16409.0,2011-01
16411.0,2010-12
16412.0,2011-10
16413.0,2011-10
16414.0,2011-03
16415.0,2011-10
16416.0,2011-10
16418.0,2011-04
16419.0,2011-02
16422.0,2010-12
16423.0,2011-11
16424.0,2011-01
16425.0,2011-02
16426.0,2011-03
16427.0,2011-02
16428.0,2011-09
16429.0,2011-08
16430.0,2011-10
16431.0,2011-02
16432.0,2011-10
16433.0,2011-11
16434.0,2011-02
16438.0,2011-09
16440.0,2011-05
16441.0,2011-02
16442.0,2010-12
16444.0,2011-03
16445.0,2011-11
16446.0,2011-05
16447.0,2011-07
16448.0,2011-05
16449.0,2011-03
16450.0,2011-07
16451.0,2011-09
16454.0,2011-04
16455.0,2010-12
16456.0,2010-12
16457.0,2011-05
16458.0,2010-12
16460.0,2011-09
16461.0,2011-06
16462.0,2011-03
16463.0,2011-05
16464.0,2011-07
16466.0,2011-02
16468.0,2011-09
16469.0,2011-04
16470.0,2010-12
16471.0,2011-03
16473.0,2011-01
16474.0,2011-07
16475.0,2011-03
16477.0,2010-12
16478.0,2011-10
16479.0,2011-11
16480.0,2011-09
16482.0,2011-11
16483.0,2011-05
16484.0,2011-06
16485.0,2011-09
16488.0,2011-07
16491.0,2011-10
16493.0,2011-01
16494.0,2011-02
16495.0,2011-03
16496.0,2011-01
16497.0,2011-01
16498.0,2011-06
16499.0,2010-12
16500.0,2011-01
16503.0,2010-12
16504.0,2011-11
16505.0,2011-11
16506.0,2011-10
16509.0,2011-02
16510.0,2010-12
16511.0,2011-03
16513.0,2011-10
16515.0,2011-02
16516.0,2011-11
16517.0,2011-03
16518.0,2011-02
16519.0,2010-12
16520.0,2010-12
16523.0,2011-01
16525.0,2010-12
16526.0,2011-06
16527.0,2011-09
16528.0,2011-12
16529.0,2011-06
16531.0,2010-12
16532.0,2011-01
16533.0,2011-10
16535.0,2011-12
16536.0,2011-08
16539.0,2010-12
16542.0,2011-10
16545.0,2011-06
16546.0,2010-12
16549.0,2011-01
16550.0,2010-12
16551.0,2011-01
16552.0,2010-12
16553.0,2010-12
16554.0,2011-01
16555.0,2011-08
16556.0,2010-12
16557.0,2011-07
16558.0,2010-12
16560.0,2010-12
16561.0,2011-10
16563.0,2011-10
16565.0,2010-12
16566.0,2011-02
16567.0,2011-01
16569.0,2011-12
16570.0,2010-12
16571.0,2011-03
16572.0,2011-03
16573.0,2011-02
16574.0,2011-09
16579.0,2010-12
16581.0,2011-06
16582.0,2011-08
16583.0,2010-12
16584.0,2011-03
16586.0,2011-04
16587.0,2011-04
16589.0,2011-07
16591.0,2011-10
16592.0,2011-02
16593.0,2011-01
16594.0,2011-09
16595.0,2011-10
16596.0,2010-12
16597.0,2011-12
16598.0,2011-02
16600.0,2011-01
16601.0,2011-10
16602.0,2011-11
16603.0,2011-09
16607.0,2010-12
16609.0,2011-04
16610.0,2011-05
16611.0,2011-04
16612.0,2011-02
16613.0,2011-09
16614.0,2011-06
16616.0,2011-07
16617.0,2011-04
16618.0,2011-01
16619.0,2011-03
16620.0,2011-03
16621.0,2011-03
16623.0,2011-04
16624.0,2011-05
16625.0,2011-03
16626.0,2011-03
16627.0,2011-09
16628.0,2011-04
16629.0,2011-09
16633.0,2011-04
16634.0,2010-12
16637.0,2011-04
16638.0,2010-12
16639.0,2011-04
16641.0,2011-08
16642.0,2011-05
16643.0,2011-04
16644.0,2011-05
16647.0,2011-05
16648.0,2011-10
16650.0,2011-09
16652.0,2011-03
16653.0,2011-09
16654.0,2010-12
16655.0,2011-01
16656.0,2010-12
16657.0,2011-03
16658.0,2010-12
16659.0,2011-06
16660.0,2011-01
16665.0,2010-12
16666.0,2011-11
16667.0,2011-02
16668.0,2011-02
16669.0,2011-09
16670.0,2010-12
16671.0,2011-06
16672.0,2011-03
16674.0,2011-09
16676.0,2011-01
16678.0,2011-03
16679.0,2010-12
16680.0,2011-10
16681.0,2011-03
16682.0,2011-06
16684.0,2010-12
16685.0,2011-10
16686.0,2010-12
16688.0,2011-10
16689.0,2011-09
16690.0,2011-05
16692.0,2011-02
16693.0,2011-03
16696.0,2011-04
16697.0,2011-04
16698.0,2011-03
16700.0,2010-12
16701.0,2010-12
16705.0,2010-12
16706.0,2011-08
16708.0,2011-10
16709.0,2011-03
16710.0,2010-12
16711.0,2010-12
16712.0,2011-03
16713.0,2010-12
16714.0,2011-01
16715.0,2011-09
16716.0,2011-02
16717.0,2010-12
16718.0,2010-12
16719.0,2010-12
16720.0,2011-11
16721.0,2011-03
16722.0,2010-12
16723.0,2011-08
16725.0,2010-12
16726.0,2010-12
16727.0,2010-12
16728.0,2011-03
16729.0,2011-04
16730.0,2011-01
16732.0,2011-11
16734.0,2011-08
16735.0,2011-01
16737.0,2011-10
16738.0,2011-02
16739.0,2011-06
16742.0,2011-10
16743.0,2010-12
16744.0,2011-06
16745.0,2011-02
16746.0,2010-12
16747.0,2011-10
16748.0,2011-01
16750.0,2011-04
16751.0,2011-11
16752.0,2010-12
16753.0,2011-10
16754.0,2010-12
16755.0,2011-01
16756.0,2011-05
16757.0,2011-01
16758.0,2011-10
16759.0,2011-11
16761.0,2011-09
16762.0,2011-07
16763.0,2011-05
16764.0,2011-07
16765.0,2011-02
16766.0,2011-03
16767.0,2011-01
16768.0,2011-03
16769.0,2011-03
16770.0,2010-12
16771.0,2011-01
16773.0,2011-10
16774.0,2011-06
16775.0,2010-12
16776.0,2011-10
16777.0,2011-03
16778.0,2011-03
16779.0,2010-12
16780.0,2011-03
16781.0,2010-12
16782.0,2010-12
16784.0,2011-11
16788.0,2011-03
16789.0,2011-12
16790.0,2011-11
16791.0,2011-01
16792.0,2011-03
16793.0,2011-10
16794.0,2011-06
16795.0,2010-12
16796.0,2011-09
16800.0,2011-11
16801.0,2011-03
16803.0,2011-10
16804.0,2011-03
16805.0,2010-12
16806.0,2011-04
16807.0,2011-03
16808.0,2011-03
16809.0,2011-03
16810.0,2010-12
16811.0,2011-11
16812.0,2010-12
16813.0,2011-05
16814.0,2010-12
16816.0,2010-12
16817.0,2010-12
16818.0,2011-05
16820.0,2011-09
16823.0,2011-04
16824.0,2011-06
16825.0,2011-06
16826.0,2011-10
16828.0,2011-08
16829.0,2011-07
16830.0,2011-11
16832.0,2011-05
16833.0,2011-01
16834.0,2011-04
16835.0,2010-12
16836.0,2011-08
16837.0,2011-04
16838.0,2011-02
16839.0,2010-12
16841.0,2011-02
16842.0,2011-02
16843.0,2011-01
16846.0,2011-10
16847.0,2011-10
16848.0,2011-10
16849.0,2011-06
16850.0,2011-01
16851.0,2011-10
16852.0,2011-06
16855.0,2011-10
16856.0,2011-11
16858.0,2010-12
16859.0,2011-03
16861.0,2010-12
16863.0,2010-12
16866.0,2011-07
16869.0,2011-06
16871.0,2011-03
16872.0,2011-06
16873.0,2010-12
16875.0,2011-01
16877.0,2011-05
16878.0,2011-09
16880.0,2011-06
16881.0,2011-10
16882.0,2011-01
16883.0,2010-12
16884.0,2011-11
16885.0,2010-12
16887.0,2011-11
16889.0,2011-01
16891.0,2010-12
16892.0,2011-01
16893.0,2010-12
16895.0,2011-10
16897.0,2011-01
16898.0,2010-12
16899.0,2010-12
16900.0,2011-10
16902.0,2011-08
16903.0,2011-11
16904.0,2010-12
16905.0,2010-12
16906.0,2011-04
16907.0,2010-12
16909.0,2011-09
16910.0,2011-09
16912.0,2011-01
16913.0,2011-02
16914.0,2011-11
16915.0,2011-03
16916.0,2010-12
16917.0,2011-03
16918.0,2011-01
16919.0,2010-12
16921.0,2011-10
16923.0,2010-12
16924.0,2011-09
16926.0,2010-12
16927.0,2010-12
16928.0,2010-12
16929.0,2011-07
16930.0,2011-10
16931.0,2010-12
16932.0,2011-10
16933.0,2011-04
16934.0,2011-10
16936.0,2011-11
16938.0,2011-02
16940.0,2011-02
16942.0,2011-04
16943.0,2011-01
16945.0,2010-12
16947.0,2011-04
16948.0,2011-01
16949.0,2011-01
16950.0,2010-12
16951.0,2011-02
16952.0,2011-08
16953.0,2011-11
16954.0,2010-12
16955.0,2010-12
16956.0,2011-11
16957.0,2011-03
16959.0,2011-09
16960.0,2011-04
16961.0,2011-08
16963.0,2011-06
16965.0,2011-04
16966.0,2011-04
16967.0,2011-06
16968.0,2011-08
16969.0,2011-06
16971.0,2011-11
16976.0,2011-03
16978.0,2011-09
16979.0,2011-02
16980.0,2011-02
16982.0,2011-10
16983.0,2010-12
16984.0,2011-08
16985.0,2010-12
16986.0,2011-11
16987.0,2011-05
16988.0,2011-12
16989.0,2011-07
16990.0,2011-05
16992.0,2011-02
16995.0,2010-12
16996.0,2010-12
16997.0,2011-01
16998.0,2011-02
16999.0,2011-09
17001.0,2010-12
17002.0,2011-02
17004.0,2011-09
17006.0,2011-09
17007.0,2010-12
17010.0,2011-11
17011.0,2011-11
17014.0,2011-10
17015.0,2011-06
17017.0,2010-12
17018.0,2011-01
17019.0,2010-12
17022.0,2011-11
17024.0,2011-07
17025.0,2010-12
17026.0,2010-12
17027.0,2011-01
17029.0,2011-04
17030.0,2011-10
17031.0,2011-07
17033.0,2010-12
17034.0,2011-02
17035.0,2011-02
17037.0,2011-09
17038.0,2011-11
17040.0,2011-07
17041.0,2010-12
17042.0,2011-04
17043.0,2011-03
17044.0,2010-12
17045.0,2011-04
17046.0,2011-07
17047.0,2011-05
17048.0,2011-01
17049.0,2011-03
17050.0,2011-02
17051.0,2011-05
17052.0,2011-11
17053.0,2011-08
17054.0,2011-04
17058.0,2011-04
17059.0,2010-12
17060.0,2011-03
17061.0,2011-04
17062.0,2010-12
17063.0,2011-02
17064.0,2011-01
17065.0,2011-07
17068.0,2010-12
17069.0,2010-12
17070.0,2011-08
17071.0,2011-02
17073.0,2011-08
17075.0,2011-01
17076.0,2010-12
17078.0,2011-11
17079.0,2011-09
17080.0,2011-03
17081.0,2011-10
17082.0,2011-01
17083.0,2011-02
17084.0,2011-11
17085.0,2010-12
17086.0,2011-10
17088.0,2011-03
17090.0,2010-12
17091.0,2010-12
17092.0,2011-03
17094.0,2011-01
17095.0,2011-01
17096.0,2011-03
17097.0,2010-12
17100.0,2011-11
17101.0,2011-06
17102.0,2011-03
17105.0,2011-02
17107.0,2011-03
17109.0,2011-04
17110.0,2011-06
17111.0,2011-10
17114.0,2011-01
17115.0,2011-04
17117.0,2011-02
17118.0,2011-01
17119.0,2011-10
17120.0,2011-04
17122.0,2011-08
17123.0,2011-07
17124.0,2011-06
17125.0,2011-10
17126.0,2010-12
17128.0,2011-01
17131.0,2011-09
17133.0,2011-03
17134.0,2011-03
17135.0,2010-12
17138.0,2011-03
17139.0,2011-02
17140.0,2011-04
17142.0,2011-04
17144.0,2011-09
17146.0,2010-12
17147.0,2011-02
17148.0,2011-10
17152.0,2011-03
17153.0,2011-11
17154.0,2011-09
17155.0,2011-06
17157.0,2011-06
17158.0,2010-12
17159.0,2011-06
17160.0,2011-04
17162.0,2011-02
17163.0,2011-09
17164.0,2011-03
17165.0,2011-02
17166.0,2011-05
17169.0,2011-06
17171.0,2011-02
17172.0,2011-09
17173.0,2011-07
17174.0,2011-05
17175.0,2011-02
17176.0,2011-05
17179.0,2010-12
17180.0,2011-01
17181.0,2010-12
17183.0,2011-08
17186.0,2011-10
17187.0,2011-04
17188.0,2010-12
17189.0,2010-12
17190.0,2011-05
17191.0,2010-12
17193.0,2011-06
17194.0,2010-12
17197.0,2011-11
17198.0,2010-12
17201.0,2011-10
17203.0,2011-10
17204.0,2010-12
17205.0,2011-10
17206.0,2011-10
17211.0,2010-12
17212.0,2011-03
17213.0,2010-12
17214.0,2010-12
17217.0,2011-04
17218.0,2010-12
17219.0,2011-11
17220.0,2010-12
17221.0,2011-11
17222.0,2011-10
17223.0,2010-12
17226.0,2011-02
17227.0,2010-12
17228.0,2010-12
17229.0,2011-07
17230.0,2010-12
17231.0,2010-12
17232.0,2011-11
17233.0,2011-11
17234.0,2011-06
17235.0,2010-12
17236.0,2010-12
17237.0,2011-11
17238.0,2010-12
17239.0,2010-12
17242.0,2011-06
17243.0,2010-12
17244.0,2011-10
17245.0,2011-05
17247.0,2011-11
17248.0,2011-08
17250.0,2011-03
17251.0,2010-12
17252.0,2011-06
17253.0,2011-11
17254.0,2011-11
17255.0,2011-02
17256.0,2011-01
17259.0,2010-12
17262.0,2010-12
17263.0,2011-05
17265.0,2011-06
17266.0,2011-07
17267.0,2011-08
17268.0,2011-04
17272.0,2011-03
17274.0,2011-11
17277.0,2011-01
17278.0,2011-04
17279.0,2011-10
17282.0,2011-02
17284.0,2011-01
17286.0,2011-11
17287.0,2010-12
17288.0,2010-12
17289.0,2011-06
17290.0,2011-11
17291.0,2011-02
17293.0,2010-12
17295.0,2011-10
17297.0,2011-11
17298.0,2011-08
17299.0,2011-06
17301.0,2011-11
17302.0,2011-02
17303.0,2010-12
17306.0,2010-12
17307.0,2010-12
17309.0,2011-09
17311.0,2011-01
17312.0,2011-07
17313.0,2011-11
17314.0,2011-01
17315.0,2010-12
17317.0,2011-09
17320.0,2010-12
17321.0,2011-10
17323.0,2011-02
17324.0,2010-12
17325.0,2011-03
17329.0,2011-01
17330.0,2011-10
17331.0,2011-08
17333.0,2011-09
17334.0,2011-02
17337.0,2011-02
17338.0,2010-12
17339.0,2010-12
17340.0,2010-12
17341.0,2010-12
17343.0,2010-12
17344.0,2011-10
17345.0,2011-05
17346.0,2010-12
17347.0,2011-09
17348.0,2011-02
17349.0,2011-06
17350.0,2011-10
17351.0,2011-03
17353.0,2011-07
17354.0,2011-10
17356.0,2011-02
17357.0,2011-11
17358.0,2010-12
17359.0,2011-11
17360.0,2011-06
17361.0,2011-02
17362.0,2011-02
17364.0,2011-01
17365.0,2011-01
17367.0,2011-04
17368.0,2011-01
17370.0,2011-06
17371.0,2010-12
17372.0,2010-12
17373.0,2011-01
17374.0,2011-03
17375.0,2010-12
17376.0,2011-02
17377.0,2010-12
17379.0,2011-11
17381.0,2010-12
17382.0,2011-10
17383.0,2011-12
17384.0,2011-05
17385.0,2011-11
17386.0,2011-06
17387.0,2011-11
17388.0,2011-02
17389.0,2011-01
17391.0,2011-06
17392.0,2010-12
17394.0,2011-05
17396.0,2010-12
17397.0,2011-11
17398.0,2011-03
17400.0,2010-12
17402.0,2010-12
17403.0,2011-11
17404.0,2010-12
17405.0,2011-07
17406.0,2010-12
17408.0,2011-06
17409.0,2011-04
17410.0,2011-05
17411.0,2010-12
17412.0,2010-12
17414.0,2011-06
17415.0,2011-09
17416.0,2011-03
17418.0,2011-01
17419.0,2010-12
17420.0,2010-12
17422.0,2011-02
17423.0,2011-05
17425.0,2011-10
17426.0,2011-03
17427.0,2011-09
17428.0,2010-12
17429.0,2011-05
17430.0,2010-12
17431.0,2011-01
17432.0,2011-11
17433.0,2011-09
17434.0,2011-09
17436.0,2011-04
17438.0,2011-03
17440.0,2011-04
17442.0,2010-12
17443.0,2011-05
17444.0,2011-06
17446.0,2011-02
17447.0,2011-09
17448.0,2011-07
17449.0,2010-12
17450.0,2010-12
17451.0,2011-08
17453.0,2011-10
17454.0,2010-12
17455.0,2011-05
17456.0,2010-12
17457.0,2011-01
17458.0,2011-11
17459.0,2011-10
17460.0,2010-12
17461.0,2011-11
17462.0,2011-02
17463.0,2011-01
17464.0,2011-07
17466.0,2011-09
17468.0,2011-11
17469.0,2011-05
17470.0,2010-12
17472.0,2011-02
17475.0,2011-09
17480.0,2011-09
17481.0,2011-09
17483.0,2011-06
17486.0,2011-03
17489.0,2011-05
17490.0,2011-06
17491.0,2010-12
17492.0,2011-04
17495.0,2011-11
17496.0,2010-12
17498.0,2011-09
17499.0,2011-02
17500.0,2011-11
17501.0,2011-05
17502.0,2011-11
17503.0,2011-11
17504.0,2011-01
17505.0,2011-05
17506.0,2011-09
17507.0,2011-02
17508.0,2011-03
17509.0,2011-10
17510.0,2011-11
17511.0,2010-12
17512.0,2011-02
17513.0,2011-09
17514.0,2011-08
17515.0,2011-01
17516.0,2011-02
17517.0,2011-02
17519.0,2010-12
17520.0,2011-10
17521.0,2011-05
17522.0,2011-05
17523.0,2011-11
17524.0,2010-12
17525.0,2010-12
17526.0,2010-12
17527.0,2011-05
17528.0,2011-09
17530.0,2010-12
17531.0,2011-06
17534.0,2011-10
17535.0,2011-03
17536.0,2011-06
17537.0,2011-02
17538.0,2011-11
17540.0,2011-01
17542.0,2011-03
17545.0,2011-10
17547.0,2010-12
17548.0,2010-12
17549.0,2011-10
17550.0,2011-04
17551.0,2010-12
17552.0,2010-12
17553.0,2011-08
17554.0,2011-07
17555.0,2011-01
17556.0,2011-05
17557.0,2011-09
17560.0,2011-02
17561.0,2011-11
17562.0,2011-06
17564.0,2011-09
17566.0,2011-11
17567.0,2010-12
17569.0,2011-01
17571.0,2011-02
17572.0,2010-12
17573.0,2011-09
17574.0,2011-04
17576.0,2010-12
17578.0,2011-05
17579.0,2011-06
17580.0,2010-12
17581.0,2010-12
17582.0,2011-04
17584.0,2011-08
17585.0,2011-01
17588.0,2011-04
17589.0,2011-04
17590.0,2011-10
17591.0,2010-12
17593.0,2010-12
17594.0,2011-03
17595.0,2011-11
17596.0,2010-12
17597.0,2011-05
17600.0,2011-11
17601.0,2011-04
17602.0,2011-01
17603.0,2011-03
17604.0,2011-01
17608.0,2011-11
17609.0,2011-01
17611.0,2010-12
17612.0,2011-02
17613.0,2011-02
17614.0,2011-10
17615.0,2011-05
17616.0,2010-12
17618.0,2010-12
17619.0,2011-01
17620.0,2011-10
17621.0,2010-12
17623.0,2011-11
17624.0,2011-05
17625.0,2011-03
17628.0,2011-09
17629.0,2010-12
17630.0,2011-04
17631.0,2011-04
17633.0,2010-12
17634.0,2011-01
17636.0,2011-11
17637.0,2011-08
17639.0,2011-03
17640.0,2011-09
17642.0,2011-06
17643.0,2010-12
17644.0,2011-01
17646.0,2010-12
17647.0,2011-10
17648.0,2011-04
17649.0,2011-07
17650.0,2011-11
17651.0,2011-06
17652.0,2011-03
17653.0,2011-08
17654.0,2011-03
17655.0,2010-12
17656.0,2011-08
17658.0,2011-05
17659.0,2010-12
17660.0,2011-07
17663.0,2011-02
17664.0,2011-05
17666.0,2011-10
17667.0,2011-02
17668.0,2011-11
17669.0,2011-04
17670.0,2011-04
17671.0,2010-12
17672.0,2011-02
17673.0,2011-01
17674.0,2010-12
17675.0,2010-12
17676.0,2010-12
17677.0,2010-12
17678.0,2011-03
17679.0,2011-09
17680.0,2011-11
17682.0,2010-12
17684.0,2011-10
17685.0,2010-12
17686.0,2011-02
17690.0,2010-12
17691.0,2010-12
17692.0,2010-12
17693.0,2011-07
17694.0,2011-07
17695.0,2011-06
17696.0,2010-12
17697.0,2011-04
17698.0,2011-03
17700.0,2010-12
17701.0,2011-04
17702.0,2010-12
17703.0,2011-07
17704.0,2011-04
17705.0,2011-02
17706.0,2010-12
17707.0,2011-01
17708.0,2011-01
17709.0,2011-06
17711.0,2011-02
17712.0,2011-10
17714.0,2011-01
17715.0,2011-05
17716.0,2011-03
17718.0,2011-04
17719.0,2011-03
17720.0,2010-12
17722.0,2010-12
17723.0,2011-05
17724.0,2011-07
17725.0,2011-03
17727.0,2011-11
17728.0,2011-09
17730.0,2011-01
17731.0,2011-06
17732.0,2010-12
17733.0,2011-03
17734.0,2011-04
17735.0,2010-12
17736.0,2011-08
17737.0,2011-10
17738.0,2011-03
17739.0,2010-12
17742.0,2011-01
17744.0,2010-12
17746.0,2011-04
17747.0,2011-08
17749.0,2011-03
17750.0,2011-06
17752.0,2010-12
17754.0,2011-03
17757.0,2010-12
17758.0,2011-04
17759.0,2011-06
17760.0,2010-12
17761.0,2011-11
17763.0,2011-03
17764.0,2011-05
17765.0,2011-03
17767.0,2011-11
17768.0,2011-06
17769.0,2011-01
17770.0,2011-03
17771.0,2011-01
17772.0,2011-11
17774.0,2011-02
17775.0,2011-03
17777.0,2011-08
17779.0,2011-07
17781.0,2011-03
17783.0,2011-04
17785.0,2011-10
17786.0,2011-01
17787.0,2010-12
17788.0,2011-08
17789.0,2011-03
17790.0,2010-12
17791.0,2011-11
17793.0,2011-11
17795.0,2011-03
17796.0,2010-12
17797.0,2011-06
17799.0,2010-12
17800.0,2011-01
17802.0,2010-12
17805.0,2011-09
17806.0,2011-11
17809.0,2010-12
17811.0,2011-01
17812.0,2010-12
17813.0,2011-09
17816.0,2010-12
17817.0,2011-03
17819.0,2010-12
17820.0,2010-12
17824.0,2011-10
17827.0,2010-12
17828.0,2011-06
17829.0,2011-02
17830.0,2011-02
17831.0,2011-11
17832.0,2011-10
17835.0,2011-11
17836.0,2011-10
17837.0,2011-06
17838.0,2010-12
17839.0,2011-10
17841.0,2010-12
17843.0,2011-02
17844.0,2011-08
17846.0,2011-09
17848.0,2010-12
17849.0,2011-01
17850.0,2010-12
17852.0,2011-11
17854.0,2011-04
17855.0,2010-12
17856.0,2011-03
17857.0,2010-12
17858.0,2010-12
17859.0,2011-02
17860.0,2010-12
17861.0,2011-01
17862.0,2011-01
17863.0,2010-12
17864.0,2011-03
17865.0,2010-12
17866.0,2011-07
17867.0,2011-02
17869.0,2010-12
17870.0,2010-12
17871.0,2011-05
17873.0,2010-12
17874.0,2011-03
17877.0,2011-06
17878.0,2011-10
17879.0,2011-06
17880.0,2010-12
17881.0,2011-02
17883.0,2011-04
17884.0,2010-12
17885.0,2011-11
17886.0,2011-04
17887.0,2011-08
17888.0,2010-12
17889.0,2011-01
17890.0,2010-12
17891.0,2011-06
17892.0,2011-07
17893.0,2011-04
17894.0,2010-12
17895.0,2011-10
17896.0,2011-11
17897.0,2010-12
17898.0,2011-05
17899.0,2011-07
17900.0,2011-06
17901.0,2011-11
17904.0,2011-11
17905.0,2010-12
17906.0,2011-04
17908.0,2010-12
17911.0,2011-11
17912.0,2010-12
17913.0,2010-12
17914.0,2011-12
17917.0,2010-12
17919.0,2011-09
17920.0,2010-12
17921.0,2011-03
17923.0,2011-03
17924.0,2010-12
17925.0,2010-12
17926.0,2011-05
17928.0,2011-04
17929.0,2011-02
17930.0,2011-04
17931.0,2011-03
17932.0,2011-05
17934.0,2011-10
17935.0,2011-07
17936.0,2011-12
17937.0,2010-12
17939.0,2011-07
17940.0,2011-02
17941.0,2011-08
17942.0,2011-12
17946.0,2011-03
17947.0,2011-11
17948.0,2011-07
17949.0,2010-12
17950.0,2010-12
17951.0,2010-12
17954.0,2010-12
17955.0,2011-05
17956.0,2011-04
17957.0,2011-10
17958.0,2011-08
17960.0,2011-06
17961.0,2010-12
17962.0,2011-07
17964.0,2010-12
17965.0,2010-12
17966.0,2011-03
17967.0,2010-12
17968.0,2010-12
17969.0,2010-12
17970.0,2011-05
17972.0,2011-04
17973.0,2011-10
17974.0,2011-05
17975.0,2010-12
17976.0,2010-12
17977.0,2011-11
17978.0,2010-12
17979.0,2011-03
17980.0,2010-12
17984.0,2011-07
17985.0,2011-11
17986.0,2011-10
17987.0,2011-06
17988.0,2011-01
17990.0,2010-12
17991.0,2011-04
17994.0,2011-02
17995.0,2011-03
17997.0,2011-06
17999.0,2010-12
18001.0,2011-09
18004.0,2010-12
18005.0,2011-10
18006.0,2011-11
18008.0,2011-01
18009.0,2011-04
18010.0,2011-03
18011.0,2010-12
18013.0,2011-07
18014.0,2011-11
18015.0,2011-12
18016.0,2010-12
18017.0,2011-02
18018.0,2011-05
18019.0,2011-10
18022.0,2011-11
18024.0,2011-07
18027.0,2011-09
18030.0,2011-10
18032.0,2011-01
18033.0,2011-10
18034.0,2011-11
18035.0,2011-10
18036.0,2011-04
18037.0,2010-12
18040.0,2011-04
18041.0,2010-12
18042.0,2011-10
18043.0,2010-12
18044.0,2010-12
18045.0,2011-10
18048.0,2011-05
18050.0,2010-12
18053.0,2011-09
18055.0,2010-12
18056.0,2011-02
18058.0,2011-11
18059.0,2011-10
18061.0,2010-12
18062.0,2011-01
18064.0,2011-04
18065.0,2010-12
18066.0,2011-09
18067.0,2011-10
18068.0,2011-02
18069.0,2011-01
18071.0,2010-12
18072.0,2011-06
18073.0,2011-05
18074.0,2010-12
18075.0,2010-12
18077.0,2010-12
18078.0,2011-03
18079.0,2011-04
18080.0,2011-04
18081.0,2011-07
18082.0,2011-11
18084.0,2011-02
18085.0,2010-12
18086.0,2011-03
18087.0,2011-02
18088.0,2011-10
18092.0,2010-12
18093.0,2011-02
18094.0,2011-02
18095.0,2011-01
18096.0,2011-10
18097.0,2010-12
18099.0,2011-08
18101.0,2011-07
18102.0,2010-12
18104.0,2011-11
18105.0,2011-11
18106.0,2011-01
18108.0,2011-03
18109.0,2010-12
18110.0,2011-11
18112.0,2011-06
18113.0,2010-12
18114.0,2011-02
18116.0,2010-12
18117.0,2011-11
18118.0,2010-12
18119.0,2010-12
18120.0,2011-05
18121.0,2011-07
18122.0,2011-07
18123.0,2011-11
18125.0,2011-01
18126.0,2011-10
18127.0,2011-07
18129.0,2011-04
18130.0,2011-10
18133.0,2011-05
18135.0,2011-06
18136.0,2011-01
18138.0,2011-02
18139.0,2011-11
18141.0,2010-12
18142.0,2011-05
18143.0,2011-07
18144.0,2010-12
18145.0,2011-01
18146.0,2011-05
18147.0,2011-08
18149.0,2011-03
18150.0,2011-05
18151.0,2011-02
18154.0,2011-10
18155.0,2011-02
18156.0,2010-12
18158.0,2011-09
18159.0,2011-02
18160.0,2011-05
18161.0,2011-01
18164.0,2011-11
18165.0,2011-06
18167.0,2011-08
18168.0,2010-12
18169.0,2011-10
18170.0,2011-05
18171.0,2011-01
18172.0,2011-02
18173.0,2011-03
18174.0,2011-12
18176.0,2010-12
18177.0,2011-03
18178.0,2010-12
18179.0,2011-01
18180.0,2011-07
18181.0,2011-11
18183.0,2011-03
18184.0,2011-11
18185.0,2011-04
18188.0,2011-02
18189.0,2011-03
18190.0,2011-01
18191.0,2011-03
18192.0,2011-09
18193.0,2010-12
18194.0,2011-09
18196.0,2011-02
18198.0,2011-01
18200.0,2011-08
18202.0,2011-02
18203.0,2011-07
18204.0,2011-05
18205.0,2011-09
18209.0,2011-11
18210.0,2011-03
18211.0,2011-03
18212.0,2011-01
18213.0,2011-04
18215.0,2011-09
18216.0,2011-11
18217.0,2011-09
18218.0,2011-03
18219.0,2010-12
18220.0,2011-04
18221.0,2011-05
18222.0,2011-09
18223.0,2010-12
18224.0,2011-03
18225.0,2010-12
18226.0,2011-01
18227.0,2011-05
18228.0,2011-09
18229.0,2010-12
18230.0,2010-12
18231.0,2011-02
18232.0,2011-05
18233.0,2011-01
18235.0,2011-05
18236.0,2011-04
18237.0,2011-07
18239.0,2010-12
18240.0,2011-10
18241.0,2011-05
18242.0,2011-05
18245.0,2010-12
18246.0,2011-04
18248.0,2011-06
18249.0,2011-11
18250.0,2011-02
18251.0,2011-09
18252.0,2011-06
18255.0,2011-09
18256.0,2010-12
18257.0,2011-02
18259.0,2010-12
18260.0,2010-12
18261.0,2011-09
18262.0,2011-07
18263.0,2011-04
18265.0,2011-07
18268.0,2011-07
18269.0,2010-12
18270.0,2011-03
18272.0,2011-04
18273.0,2011-03
18274.0,2011-11
18276.0,2011-10
18277.0,2011-01
18278.0,2011-09
18280.0,2011-03
18281.0,2011-06
18282.0,2011-08
18283.0,2011-01
18287.0,2011-05
